Nomor,T-in (mm.ss),T-out (mm.ss),T-in,T-out,Î”T,Volume,VMax,Kepadatan,Kecepatan,Kecepatan Normalisasi,Keterangan Video
1,0:02,0:21,2,16,14,3,35,0.0857142857142857,2.85714285714286,0.285714285714286,Video 1
2,0:04,0:16,6,16,10,4,35,0.114285714285714,4,0.4,Video 1
3,0:06,0:21,6,21,15,5,35,0.142857142857143,2.66666666666667,0.266666666666667,Video 1
4,0:09,0:25,9,24,15,4,35,0.114285714285714,2.66666666666667,0.266666666666667,Video 1
5,0:30,0:51,30,48,18,7,35,0.2,2.22222222222222,0.222222222222222,Video 1
6,0:33,0:50,33,50,17,6,35,0.171428571428571,2.35294117647059,0.235294117647059,Video 1
7,0:38,0:53,38,53,15,5,35,0.142857142857143,2.66666666666667,0.266666666666667,Video 1
8,0:40,0:51,40,51,11,6,35,0.171428571428571,3.63636363636364,0.363636363636364,Video 1
9,1:40,1:50,100,110,10,4,35,0.114285714285714,4,0.4,Video 1
10,1:43,1:53,103,113,10,3,35,0.0857142857142857,4,0.4,Video 1
11,1:46,1:55,106,115,9,4,35,0.114285714285714,4.44444444444445,0.444444444444445,Video 1
12,1:49,1:59,109,118,9,5,35,0.142857142857143,4.44444444444445,0.444444444444445,Video 1
13,1:52,2:06,112,125,13,6,35,0.171428571428571,3.07692307692308,0.307692307692308,Video 1
14,2:07,2:16,127,136,9,4,35,0.114285714285714,4.44444444444445,0.444444444444445,Video 1
15,2:11,2:20,131,140,9,4,35,0.114285714285714,4.44444444444445,0.444444444444445,Video 1
16,2:15,2:25,135,145,10,4,35,0.114285714285714,4,0.4,Video 1
17,2:15,2:24,135,144,9,4,35,0.114285714285714,4.44444444444445,0.444444444444445,Video 1
18,2:20,2:30,140,149,9,3,35,0.0857142857142857,4.44444444444445,0.444444444444445,Video 1
19,2:25,2:34,145,154,9,2,35,0.0571428571428571,4.44444444444445,0.444444444444445,Video 1
20,2:27,2:37,147,157,10,3,35,0.0857142857142857,4,0.4,Video 1
21,2:29,2:40,149,160,11,4,35,0.114285714285714,3.63636363636364,0.363636363636364,Video 1
22,2:31,2:42,151,162,11,4,35,0.114285714285714,3.63636363636364,0.363636363636364,Video 1
23,2:33,2:47,153,167,14,4,35,0.114285714285714,2.85714285714286,0.285714285714286,Video 1
24,2:35,2:44,155,164,9,4,35,0.114285714285714,4.44444444444445,0.444444444444445,Video 1
25,2:37,2:51,157,171,14,5,35,0.142857142857143,2.85714285714286,0.285714285714286,Video 1
26,2:39,2:54,159,174,15,5,35,0.142857142857143,2.66666666666667,0.266666666666667,Video 1
27,2:43,2:59,163,178,15,4,35,0.114285714285714,2.66666666666667,0.266666666666667,Video 1
28,2:46,3:00,166,180,14,4,35,0.114285714285714,2.85714285714286,0.285714285714286,Video 1
29,2:48,3:03,168,183,15,4,35,0.114285714285714,2.66666666666667,0.266666666666667,Video 1
30,3:10,3:18,190,198,8,1,35,0.0285714285714286,5,0.5,Video 1
31,3:39,3:44,219,224,5,0,35,0,8,0.8,Video 1
32,3:55,4:20,235,260,25,0,35,0,1.6,0.16,Video 1
33,4:11,4:21,251,261,10,3,35,0.0857142857142857,4,0.4,Video 1
34,4:13,4:24,253,264,11,3,35,0.0857142857142857,3.63636363636364,0.363636363636364,Video 1
35,4:16,4:26,256,266,10,4,35,0.114285714285714,4,0.4,Video 1
36,4:18,4:29,258,269,11,5,35,0.142857142857143,3.63636363636364,0.363636363636364,Video 1
37,4:21,4:31,261,271,10,5,35,0.142857142857143,4,0.4,Video 1
38,4:23,4:33,263,273,10,6,35,0.171428571428571,4,0.4,Video 1
39,4:25,4:35,265,275,10,6,35,0.171428571428571,4,0.4,Video 1
40,4:25,4:35,265,275,10,6,35,0.171428571428571,4,0.4,Video 1
41,4:28,4:39,268,279,11,7,35,0.2,3.63636363636364,0.363636363636364,Video 1
42,4:39,4:49,279,289,10,5,35,0.142857142857143,4,0.4,Video 1
43,4:42,4:52,282,292,10,6,35,0.171428571428571,4,0.4,Video 1
44,4:45,4:54,285,294,9,5,35,0.142857142857143,4.44444444444445,0.444444444444445,Video 1
45,4:47,4:56,287,296,9,5,35,0.142857142857143,4.44444444444445,0.444444444444445,Video 1
46,4:49,4:59,289,299,10,4,35,0.114285714285714,4,0.4,Video 1
47,4:52,5:01,292,301,9,3,35,0.0857142857142857,4.44444444444445,0.444444444444445,Video 1
48,4:54,5:04,294,304,10,3,35,0.0857142857142857,4,0.4,Video 1
49,4:57,5:07,297,307,10,3,35,0.0857142857142857,4,0.4,Video 1
50,4:59,5:09,299,309,10,3,35,0.0857142857142857,4,0.4,Video 1
51,5:00,5:10,300,310,10,4,35,0.114285714285714,4,0.4,Video 1
52,5:00,5:14,300,314,14,4,35,0.114285714285714,2.85714285714286,0.285714285714286,Video 1
53,5:04,5:17,304,317,13,4,35,0.114285714285714,3.07692307692308,0.307692307692308,Video 1
54,5:07,5:18,307,318,11,5,35,0.142857142857143,3.63636363636364,0.363636363636364,Video 1
55,5:10,5:25,310,325,15,4,35,0.114285714285714,2.66666666666667,0.266666666666667,Video 1
56,5:11,5:21,311,321,10,5,35,0.142857142857143,4,0.4,Video 1
57,5:13,5:24,313,324,11,6,35,0.171428571428571,3.63636363636364,0.363636363636364,Video 1
58,5:15,5:27,315,327,12,6,35,0.171428571428571,3.33333333333333,0.333333333333333,Video 1
59,5:18,5:29,318,329,11,6,35,0.171428571428571,3.63636363636364,0.363636363636364,Video 1
60,5:21,5:33,321,333,12,6,35,0.171428571428571,3.33333333333333,0.333333333333333,Video 1
61,5:24,5:37,324,337,13,4,35,0.114285714285714,3.07692307692308,0.307692307692308,Video 1
62,5:27,5:43,327,343,16,3,35,0.0857142857142857,2.5,0.25,Video 1
63,5:29,5:45,329,345,16,4,35,0.114285714285714,2.5,0.25,Video 1
64,5:36,5:51,336,351,15,5,35,0.142857142857143,2.66666666666667,0.266666666666667,Video 1
65,5:38,5:50,338,350,12,6,35,0.171428571428571,3.33333333333333,0.333333333333333,Video 1
66,5:41,5:55,341,355,14,8,35,0.228571428571429,2.85714285714286,0.285714285714286,Video 1
67,5:43,5:57,343,357,14,7,35,0.2,2.85714285714286,0.285714285714286,Video 1
68,5:46,6:00,346,360,14,7,35,0.2,2.85714285714286,0.285714285714286,Video 1
69,5:48,6:03,348,363,15,6,35,0.171428571428571,2.66666666666667,0.266666666666667,Video 1
70,5:50,6:05,350,365,15,8,35,0.228571428571429,2.66666666666667,0.266666666666667,Video 1
71,5:52,6:04,352,364,12,8,35,0.228571428571429,3.33333333333333,0.333333333333333,Video 1
72,5:55,6:10,355,370,15,8,35,0.228571428571429,2.66666666666667,0.266666666666667,Video 1
73,6:04,6:17,364,377,13,5,35,0.142857142857143,3.07692307692308,0.307692307692308,Video 1
74,6:07,6:21,367,381,14,3,35,0.0857142857142857,2.85714285714286,0.285714285714286,Video 1
75,6:10,6:23,370,383,13,4,35,0.114285714285714,3.07692307692308,0.307692307692308,Video 1
76,6:21,6:36,381,396,15,5,35,0.142857142857143,2.66666666666667,0.266666666666667,Video 1
77,6:23,6:45,383,405,22,6,35,0.171428571428571,1.81818181818182,0.181818181818182,Video 1
78,6:24,6:40,384,400,16,7,35,0.2,2.5,0.25,Video 1
79,6:26,6:50,386,410,24,8,35,0.228571428571429,1.66666666666667,0.166666666666667,Video 1
80,6:31,6:46,392,406,14,8,35,0.228571428571429,2.85714285714286,0.285714285714286,Video 1
81,6:34,6:54,394,414,20,7,35,0.2,2,0.2,Video 1
82,6:38,6:57,398,417,19,7,35,0.2,2.10526315789474,0.210526315789474,Video 1
83,6:41,7:02,401,422,21,5,35,0.142857142857143,1.9047619047619,0.19047619047619,Video 1
84,6:42,7:05,402,425,23,7,35,0.2,1.73913043478261,0.173913043478261,Video 1
85,6:45,7:07,405,427,22,7,35,0.2,1.81818181818182,0.181818181818182,Video 1
86,7:00,7:15,420,435,15,8,35,0.228571428571429,2.66666666666667,0.266666666666667,Video 1
87,7:02,7:16,422,436,14,7,35,0.2,2.85714285714286,0.285714285714286,Video 1
88,7:05,7:20,425,440,15,7,35,0.2,2.66666666666667,0.266666666666667,Video 1
89,7:06,7:23,426,443,17,6,35,0.171428571428571,2.35294117647059,0.235294117647059,Video 1
90,7:12,7:22,432,442,10,10,35,0.285714285714286,4,0.4,Video 1
91,7:13,7:49,433,469,36,10,35,0.285714285714286,1.11111111111111,0.111111111111111,Video 1
92,7:15,7:26,435,446,11,9,35,0.257142857142857,3.63636363636364,0.363636363636364,Video 1
93,7:15,7:28,435,448,13,9,35,0.257142857142857,3.07692307692308,0.307692307692308,Video 1
94,7:56,8:07,476,487,11,4,35,0.114285714285714,3.63636363636364,0.363636363636364,Video 1
95,7:59,8:08,479,488,9,4,35,0.114285714285714,4.44444444444445,0.444444444444445,Video 1
96,8:01,8:11,481,491,10,4,35,0.114285714285714,4,0.4,Video 1
97,8:03,8:11,483,491,8,4,35,0.114285714285714,5,0.5,Video 1
98,8:05,8:13,485,493,8,5,35,0.142857142857143,5,0.5,Video 1
99,8:07,8:15,487,495,8,5,35,0.142857142857143,5,0.5,Video 1
100,8:08,8:18,488,498,10,5,35,0.142857142857143,4,0.4,Video 1
101,8:18,8:28,499,508,9,3,35,0.0857142857142857,4.44444444444445,0.444444444444445,Video 1
102,8:26,8:33,506,513,7,1,35,0.0285714285714286,5.71428571428571,0.571428571428571,Video 1
103,8:29,8:36,509,516,7,1,35,0.0285714285714286,5.71428571428571,0.571428571428571,Video 1
104,8:35,8:42,515,522,7,1,35,0.0285714285714286,5.71428571428571,0.571428571428571,Video 1
105,8:38,8:46,518,526,8,1,35,0.0285714285714286,5,0.5,Video 1
106,8:56,9:04,536,544,6,3,35,0.0857142857142857,6.66666666666667,0.666666666666667,Video 1
107,9:10,9:17,550,557,7,1,35,0.0285714285714286,5.71428571428571,0.571428571428571,Video 1
108,9:13,9:19,553,559,6,2,35,0.0571428571428571,6.66666666666667,0.666666666666667,Video 1
109,9:30,9:36,570,576,6,1,35,0.0285714285714286,6.66666666666667,0.666666666666667,Video 1
110,9:34,9:40,574,580,6,2,35,0.0571428571428571,6.66666666666667,0.666666666666667,Video 1
111,9:36,9:42,576,582,6,2,35,0.0571428571428571,6.66666666666667,0.666666666666667,Video 1
112,9:47,9:54,588,594,6,3,35,0.0857142857142857,6.66666666666667,0.666666666666667,Video 1
113,9:48,9:55,589,595,6,3,35,0.0857142857142857,6.66666666666667,0.666666666666667,Video 1
114,9:51,9:58,592,598,6,3,35,0.0857142857142857,6.66666666666667,0.666666666666667,Video 1
115,9:53,9:59,594,599,5,3,35,0.0857142857142857,8,0.8,Video 1
116,9:57,10:04,597,604,7,3,35,0.0857142857142857,5.71428571428571,0.571428571428571,Video 1
117,10:03,10:14,603,614,11,1,35,0.0285714285714286,3.63636363636364,0.363636363636364,Video 1
118,10:04,10:12,605,612,7,1,35,0.0285714285714286,5.71428571428571,0.571428571428571,Video 1
119,10:07,10:15,608,615,7,2,35,0.0571428571428571,5.71428571428571,0.571428571428571,Video 1
120,10:09,10:17,610,617,7,3,35,0.0857142857142857,5.71428571428571,0.571428571428571,Video 1
121,10:12,10:21,612,621,9,3,35,0.0857142857142857,4.44444444444445,0.444444444444445,Video 1
122,10:26,10:33,626,633,7,3,35,0.0857142857142857,5.71428571428571,0.571428571428571,Video 1
123,10:29,10:36,629,636,7,2,35,0.0571428571428571,5.71428571428571,0.571428571428571,Video 1
124,10:31,10:38,632,638,6,2,35,0.0571428571428571,6.66666666666667,0.666666666666667,Video 1
125,10:34,10:42,634,642,8,2,35,0.0571428571428571,5,0.5,Video 1
126,10:57,11:16,657,676,19,6,35,0.171428571428571,2.10526315789474,0.210526315789474,Video 1
127,10:57,11:10,657,670,13,6,35,0.171428571428571,3.07692307692308,0.307692307692308,Video 1
128,11:02,11:20,662,680,18,9,35,0.257142857142857,2.22222222222222,0.222222222222222,Video 1
129,11:05,11:23,665,683,18,9,35,0.257142857142857,2.22222222222222,0.222222222222222,Video 1
130,11:19,11:29,679,689,10,6,35,0.171428571428571,4,0.4,Video 1
131,11:25,11:31,684,691,7,3,35,0.0857142857142857,5.71428571428571,0.571428571428571,Video 1
132,11:30,11:36,690,696,6,2,35,0.0571428571428571,6.66666666666667,0.666666666666667,Video 1
133,11:33,11:39,693,699,6,2,35,0.0571428571428571,6.66666666666667,0.666666666666667,Video 1
134,11:37,11:47,697,707,10,1,35,0.0285714285714286,4,0.4,Video 1
135,11:40,11:47,700,707,7,1,35,0.0285714285714286,5.71428571428571,0.571428571428571,Video 1
136,11:41,11:54,701,714,13,2,35,0.0571428571428571,3.07692307692308,0.307692307692308,Video 1
137,11:52,12:00,712,720,8,1,35,0.0285714285714286,5,0.5,Video 1
138,11:54,12:03,714,723,9,1,35,0.0285714285714286,4.44444444444445,0.444444444444445,Video 1
139,11:56,12:04,716,724,8,3,35,0.0857142857142857,5,0.5,Video 1
140,12:12,12:25,732,745,13,4,35,0.114285714285714,3.07692307692308,0.307692307692308,Video 1
141,12:15,12:29,735,749,14,5,35,0.142857142857143,2.85714285714286,0.285714285714286,Video 1
142,12:18,12:36,738,756,18,3,35,0.0857142857142857,2.22222222222222,0.222222222222222,Video 1
143,12:20,12:38,740,758,18,4,35,0.114285714285714,2.22222222222222,0.222222222222222,Video 1
144,12:22,12:41,742,761,19,5,35,0.142857142857143,2.10526315789474,0.210526315789474,Video 1
145,12:25,12:43,745,763,18,5,35,0.142857142857143,2.22222222222222,0.222222222222222,Video 1
146,12:26,12:41,746,761,15,6,35,0.171428571428571,2.66666666666667,0.266666666666667,Video 1
147,12:55,13:06,775,786,11,6,35,0.171428571428571,3.63636363636364,0.363636363636364,Video 1
148,12:59,13:10,779,790,11,7,35,0.2,3.63636363636364,0.363636363636364,Video 1
149,13:01,13:14,781,794,13,5,35,0.142857142857143,3.07692307692308,0.307692307692308,Video 1
150,13:02,13:13,782,793,11,7,35,0.2,3.63636363636364,0.363636363636364,Video 1
151,13:04,13:17,784,797,13,7,35,0.2,3.07692307692308,0.307692307692308,Video 1
152,13:05,13:15,785,795,10,8,35,0.228571428571429,4,0.4,Video 1
153,13:09,13:19,789,799,10,7,35,0.2,4,0.4,Video 1
154,13:11,13:19,791,799,8,7,35,0.2,5,0.5,Video 1
155,13:15,13:27,795,807,12,5,35,0.142857142857143,3.33333333333333,0.333333333333333,Video 1
156,13:16,13:31,796,811,15,4,35,0.114285714285714,2.66666666666667,0.266666666666667,Video 1
157,13:17,13:35,797,815,18,4,35,0.114285714285714,2.22222222222222,0.222222222222222,Video 1
158,13:18,13:39,798,819,21,5,35,0.142857142857143,1.9047619047619,0.19047619047619,Video 1
159,14:12,14:21,852,861,9,5,35,0.142857142857143,4.44444444444445,0.444444444444445,Video 1
160,14:35,14:42,875,882,7,1,35,0.0285714285714286,5.71428571428571,0.571428571428571,Video 1
161,14:38,14:44,878,884,6,2,35,0.0571428571428571,6.66666666666667,0.666666666666667,Video 1
162,14:44,14:51,884,891,7,1,35,0.0285714285714286,5.71428571428571,0.571428571428571,Video 1
163,14:45,14:52,885,892,7,1,35,0.0285714285714286,5.71428571428571,0.571428571428571,Video 1
164,14:47,14:54,887,894,7,2,35,0.0571428571428571,5.71428571428571,0.571428571428571,Video 1
165,14:49,15:00,889,900,11,3,35,0.0857142857142857,3.63636363636364,0.363636363636364,Video 1
166,15:01,15:07,901,907,6,1,35,0.0285714285714286,6.66666666666667,0.666666666666667,Video 1
167,15:53,16:01,953,961,8,2,35,0.0571428571428571,5,0.5,Video 1
168,15:56,16:05,956,965,9,3,35,0.0857142857142857,4.44444444444445,0.444444444444445,Video 1
169,16:02,16:07,962,967,5,3,35,0.0857142857142857,8,0.8,Video 1
170,16:45,16:54,1005,1014,9,6,35,0.171428571428571,4.44444444444445,0.444444444444445,Video 1
171,17:06,17:12,1026,1032,6,1,35,0.0285714285714286,6.66666666666667,0.666666666666667,Video 1
172,17:10,17:18,1030,1038,8,1,35,0.0285714285714286,5,0.5,Video 1
173,17:22,17:31,1042,1051,9,4,35,0.114285714285714,4.44444444444445,0.444444444444445,Video 1
174,17:26,17:34,1046,1054,8,5,35,0.142857142857143,5,0.5,Video 1
175,17:28,17:34,1048,1054,6,4,35,0.114285714285714,6.66666666666667,0.666666666666667,Video 1
176,17:28,17:35,1048,1055,7,4,35,0.114285714285714,5.71428571428571,0.571428571428571,Video 1
177,17:31,17:42,1051,1062,11,4,35,0.114285714285714,3.63636363636364,0.363636363636364,Video 1
178,17:33,17:40,1053,1060,7,5,35,0.142857142857143,5.71428571428571,0.571428571428571,Video 1
179,17:36,17:44,1056,1064,8,3,35,0.0857142857142857,5,0.5,Video 1
180,18:01,18:10,1081,1090,9,2,35,0.0571428571428571,4.44444444444445,0.444444444444445,Video 1
181,18:04,18:13,1084,1093,9,2,35,0.0571428571428571,4.44444444444445,0.444444444444445,Video 1
182,18:06,18:19,1086,1099,13,5,35,0.142857142857143,3.07692307692308,0.307692307692308,Video 1
183,18:09,18:17,1089,1097,8,4,35,0.114285714285714,5,0.5,Video 1
184,18:12,18:22,1092,1102,10,3,35,0.0857142857142857,4,0.4,Video 1
185,18:15,18:25,1095,1105,10,4,35,0.114285714285714,4,0.4,Video 1
186,18:17,18:25,1097,1105,8,4,35,0.114285714285714,5,0.5,Video 1
187,18:24,18:32,1104,1112,8,4,35,0.114285714285714,5,0.5,Video 1
188,18:51,18:57,1131,1137,6,2,35,0.0571428571428571,6.66666666666667,0.666666666666667,Video 1
189,18:54,19:00,1134,1140,6,1,35,0.0285714285714286,6.66666666666667,0.666666666666667,Video 1
190,18:57,19:05,1137,1145,8,1,35,0.0285714285714286,5,0.5,Video 1
191,19:03,19:10,1143,1150,7,0,35,0,5.71428571428571,0.571428571428571,Video 1
192,19:05,19:12,1145,1152,7,1,35,0.0285714285714286,5.71428571428571,0.571428571428571,Video 1
193,19:08,19:15,1148,1155,7,2,35,0.0571428571428571,5.71428571428571,0.571428571428571,Video 1
194,19:11,19:20,1151,1160,9,1,35,0.0285714285714286,4.44444444444445,0.444444444444445,Video 1
195,19:12,19:22,1152,1162,10,2,35,0.0571428571428571,4,0.4,Video 1
196,19:15,19:25,1155,1165,10,3,35,0.0857142857142857,4,0.4,Video 1
197,19:16,19:27,1156,1167,11,3,35,0.0857142857142857,3.63636363636364,0.363636363636364,Video 1
198,19:18,19:27,1158,1167,9,3,35,0.0857142857142857,4.44444444444445,0.444444444444445,Video 1
199,19:20,19:27,1160,1167,7,3,35,0.0857142857142857,5.71428571428571,0.571428571428571,Video 1
200,19:23,19:31,1163,1171,8,3,35,0.0857142857142857,5,0.5,Video 1
201,19:26,19:35,1166,1175,9,2,35,0.0571428571428571,4.44444444444445,0.444444444444445,Video 1
202,19:28,19:37,1168,1177,9,2,35,0.0571428571428571,4.44444444444445,0.444444444444445,Video 1
203,19:30,19:39,1170,1179,9,4,35,0.114285714285714,4.44444444444445,0.444444444444445,Video 1
204,19:31,19:40,1171,1180,9,4,35,0.114285714285714,4.44444444444445,0.444444444444445,Video 1
205,19:33,19:42,1173,1182,9,5,35,0.142857142857143,4.44444444444445,0.444444444444445,Video 1
206,19:35,19:44,1175,1184,9,5,35,0.142857142857143,4.44444444444445,0.444444444444445,Video 1
207,19:37,19:45,1177,1185,8,4,35,0.114285714285714,5,0.5,Video 1
208,19:37,19:46,1177,1186,9,4,35,0.114285714285714,4.44444444444445,0.444444444444445,Video 1
209,19:39,19:48,1179,1188,9,4,35,0.114285714285714,4.44444444444445,0.444444444444445,Video 1
210,19:41,19:48,1181,1188,7,6,35,0.171428571428571,5.71428571428571,0.571428571428571,Video 1
211,19:42,19:50,1182,1190,8,5,35,0.142857142857143,5,0.5,Video 1
212,19:43,19:51,1183,1191,8,5,35,0.142857142857143,5,0.5,Video 1
213,19:48,19:56,1188,1196,8,4,35,0.114285714285714,5,0.5,Video 1
214,20:10,20:16,1210,1216,6,1,35,0.0285714285714286,6.66666666666667,0.666666666666667,Video 1
215,20:14,20:22,1214,1222,8,2,35,0.0571428571428571,5,0.5,Video 1
216,20:19,20:26,1219,1226,7,1,35,0.0285714285714286,5.71428571428571,0.571428571428571,Video 1
217,20:21,20:28,1221,1228,7,1,35,0.0285714285714286,5.71428571428571,0.571428571428571,Video 1
218,20:35,20:46,1235,1246,11,0,35,0,3.63636363636364,0.363636363636364,Video 1
219,20:46,20:51,1246,1251,5,1,35,0.0285714285714286,8,0.8,Video 1
220,20:48,20:53,1248,1253,5,1,35,0.0285714285714286,8,0.8,Video 1
221,20:57,21:02,1257,1262,5,0,35,0,8,0.8,Video 1
222,21:04,21:10,1264,1270,6,0,35,0,6.66666666666667,0.666666666666667,Video 1
223,21:08,21:14,1268,1274,6,1,35,0.0285714285714286,6.66666666666667,0.666666666666667,Video 1
224,21:20,21:28,1280,1288,8,1,35,0.0285714285714286,5,0.5,Video 1
225,21:22,21:30,1282,1290,8,1,35,0.0285714285714286,5,0.5,Video 1
226,21:25,21:33,1285,1293,8,4,35,0.114285714285714,5,0.5,Video 1
227,21:37,21:43,1297,1303,6,0,35,0,6.66666666666667,0.666666666666667,Video 1
228,21:40,21:49,1300,1309,9,2,35,0.0571428571428571,4.44444444444445,0.444444444444445,Video 1
229,22:12,22:17,1332,1337,5,1,35,0.0285714285714286,8,0.8,Video 1
230,22:14,22:19,1334,1339,5,1,35,0.0285714285714286,8,0.8,Video 1
231,22:20,22:26,1340,1346,6,1,35,0.0285714285714286,6.66666666666667,0.666666666666667,Video 1
232,22:23,22:29,1343,1349,6,1,35,0.0285714285714286,6.66666666666667,0.666666666666667,Video 1
233,22:25,22:31,1345,1351,6,2,35,0.0571428571428571,6.66666666666667,0.666666666666667,Video 1
234,22:27,22:34,1347,1354,7,2,35,0.0571428571428571,5.71428571428571,0.571428571428571,Video 1
235,22:30,22:36,1350,1356,6,2,35,0.0571428571428571,6.66666666666667,0.666666666666667,Video 1
236,22:35,22:42,1355,1362,7,1,35,0.0285714285714286,5.71428571428571,0.571428571428571,Video 1
237,22:38,22:45,1358,1365,7,1,35,0.0285714285714286,5.71428571428571,0.571428571428571,Video 1
238,23:21,23:29,1401,1409,8,2,35,0.0571428571428571,5,0.5,Video 1
239,23:24,23:32,1404,1412,8,2,35,0.0571428571428571,5,0.5,Video 1
240,23:36,23:43,1416,1423,7,1,35,0.0285714285714286,5.71428571428571,0.571428571428571,Video 1
241,23:39,23:47,1419,1427,8,3,35,0.0857142857142857,5,0.5,Video 1
242,23:41,23:50,1421,1430,9,3,35,0.0857142857142857,4.44444444444445,0.444444444444445,Video 1
243,23:44,23:54,1424,1434,10,3,35,0.0857142857142857,4,0.4,Video 1
244,24:19:00,24:27:00,1459,1467,8,3,35,0.0857142857142857,5,0.5,Video 1
245,24:38:00,24:46:00,1478,1486,8,3,35,0.0857142857142857,5,0.5,Video 1
246,24:42:00,24:49:00,1482,1489,7,2,35,0.0571428571428571,5.71428571428571,0.571428571428571,Video 1
247,24:43:00,24:51:00,1483,1491,8,2,35,0.0571428571428571,5,0.5,Video 1
248,24:45:00,24:53:00,1485,1493,8,2,35,0.0571428571428571,5,0.5,Video 1
249,25:13:00,25:17:00,1513,1517,4,0,35,0,10,1,Video 1
250,25:24:00,25:29:00,1524,1529,5,0,35,0,8,0.8,Video 1
251,0:01,0:08,1,8,7,2,35,0.0571428571428571,5.71428571428571,0.571428571428571,Video 3
252,0:05,0:16,5,16,11,1,35,0.0285714285714286,3.63636363636364,0.363636363636364,Video 3
253,0:17,0:25,17,25,8,0,35,0,5,0.5,Video 3
254,0:22,0:28,22,28,6,2,35,0.0571428571428571,6.66666666666667,0.666666666666667,Video 3
255,0:25,0:32,25,32,7,1,35,0.0285714285714286,5.71428571428571,0.571428571428571,Video 3
256,0:40,0:49,40,49,9,0,35,0,4.44444444444445,0.444444444444445,Video 3
257,0:42,0:50,42,50,8,1,35,0.0285714285714286,5,0.5,Video 3
258,0:47,0:58,47,58,11,3,35,0.0857142857142857,3.63636363636364,0.363636363636364,Video 3
259,1:01,1:17,61,77,16,2,35,0.0571428571428571,2.5,0.25,Video 3
260,1:11,1:20,71,80,9,0,35,0,4.44444444444445,0.444444444444445,Video 3
261,1:13,1:22,73,82,9,2,35,0.0571428571428571,4.44444444444445,0.444444444444445,Video 3
262,1:15,1:24,75,84,9,3,35,0.0857142857142857,4.44444444444445,0.444444444444445,Video 3
263,1:18,1:28,78,88,10,4,35,0.114285714285714,4,0.4,Video 3
264,1:20,1:29,80,89,9,4,35,0.114285714285714,4.44444444444445,0.444444444444445,Video 3
265,2:11,2:17,131,137,6,2,35,0.0571428571428571,6.66666666666667,0.666666666666667,Video 3
266,2:24,2:34,144,154,10,0,35,0,4,0.4,Video 3
267,2:32,2:40,152,160,8,0,35,0,5,0.5,Video 3
268,2:35,2:43,155,163,8,2,35,0.0571428571428571,5,0.5,Video 3
269,2:38,2:46,158,166,8,2,35,0.0571428571428571,5,0.5,Video 3
270,2:40,2:48,160,168,8,2,35,0.0571428571428571,5,0.5,Video 3
271,2:41,2:49,161,169,8,3,35,0.0857142857142857,5,0.5,Video 3
272,2:43,2:49,163,169,6,3,35,0.0857142857142857,6.66666666666667,0.666666666666667,Video 3
273,2:45,2:52,165,172,7,3,35,0.0857142857142857,5.71428571428571,0.571428571428571,Video 3
274,3:11,3:20,191,200,9,3,35,0.0857142857142857,4.44444444444445,0.444444444444445,Video 3
275,3:15,3:23,195,203,8,3,35,0.0857142857142857,5,0.5,Video 3
276,3:19,3:27,199,207,8,2,35,0.0571428571428571,5,0.5,Video 3
277,3:22,3:35,202,215,13,5,35,0.142857142857143,3.07692307692308,0.307692307692308,Video 3
278,3:25,3:36,205,216,11,3,35,0.0857142857142857,3.63636363636364,0.363636363636364,Video 3
279,3:29,3:39,209,219,10,4,35,0.114285714285714,4,0.4,Video 3
280,3:31,3:42,211,222,11,4,35,0.114285714285714,3.63636363636364,0.363636363636364,Video 3
281,3:32,3:43,212,223,11,5,35,0.142857142857143,3.63636363636364,0.363636363636364,Video 3
282,3:35,3:46,215,226,11,4,35,0.114285714285714,3.63636363636364,0.363636363636364,Video 3
283,3:37,3:48,217,228,11,4,35,0.114285714285714,3.63636363636364,0.363636363636364,Video 3
284,3:39,3:55,219,235,16,6,35,0.171428571428571,2.5,0.25,Video 3
285,3:41,3:58,221,238,17,4,35,0.114285714285714,2.35294117647059,0.235294117647059,Video 3
286,3:45,4:00,225,240,15,5,35,0.142857142857143,2.66666666666667,0.266666666666667,Video 3
287,4:01,4:16,241,256,15,4,35,0.114285714285714,2.66666666666667,0.266666666666667,Video 3
288,4:03,4:20,243,260,17,5,35,0.142857142857143,2.35294117647059,0.235294117647059,Video 3
289,4:06,4:40,246,280,34,6,35,0.171428571428571,1.17647058823529,0.117647058823529,Video 3
290,4:08,4:23,248,263,15,6,35,0.171428571428571,2.66666666666667,0.266666666666667,Video 3
291,4:12,5:00,252,300,48,6,35,0.171428571428571,0.833333333333333,0.0833333333333333,Video 3
292,4:15,5:05,255,305,50,4,35,0.114285714285714,0.8,0.08,Video 3
293,4:17,5:09,257,309,52,4,35,0.114285714285714,0.769230769230769,0.0769230769230769,Video 3
294,4:21,5:15,261,315,54,4,35,0.114285714285714,0.740740740740741,0.0740740740740741,Video 3
295,4:23,5:06,263,306,43,5,35,0.142857142857143,0.930232558139535,0.0930232558139535,Video 3
296,4:27,4:42,267,282,15,5,35,0.142857142857143,2.66666666666667,0.266666666666667,Video 3
297,4:31,4:54,271,294,23,5,35,0.142857142857143,1.73913043478261,0.173913043478261,Video 3
298,4:39,5:09,279,309,30,7,35,0.2,1.33333333333333,0.133333333333333,Video 3
299,4:43,5:00,283,300,17,7,35,0.2,2.35294117647059,0.235294117647059,Video 3
300,4:46,5:15,286,315,29,7,35,0.2,1.37931034482759,0.137931034482759,Video 3
301,4:50,5:18,290,318,28,7,35,0.2,1.42857142857143,0.142857142857143,Video 3
302,5:03,5:12,303,312,9,6,35,0.171428571428571,4.44444444444445,0.444444444444445,Video 3
303,5:04,5:26,304,326,22,7,35,0.2,1.81818181818182,0.181818181818182,Video 3
304,5:10,5:29,310,329,19,4,35,0.114285714285714,2.10526315789474,0.210526315789474,Video 3
305,5:16,5:42,316,342,26,3,35,0.0857142857142857,1.53846153846154,0.153846153846154,Video 3
306,5:20,5:36,320,336,16,4,35,0.114285714285714,2.5,0.25,Video 3
307,5:22,5:47,322,347,25,5,35,0.142857142857143,1.6,0.16,Video 3
308,5:24,5:52,324,352,28,5,35,0.142857142857143,1.42857142857143,0.142857142857143,Video 3
309,5:25,5:42,325,342,17,6,35,0.171428571428571,2.35294117647059,0.235294117647059,Video 3
310,5:28,5:55,328,355,27,5,35,0.142857142857143,1.48148148148148,0.148148148148148,Video 3
311,5:36,5:45,336,345,9,5,35,0.142857142857143,4.44444444444445,0.444444444444445,Video 3
312,5:37,5:58,337,358,21,6,35,0.171428571428571,1.9047619047619,0.19047619047619,Video 3
313,5:38,5:59,338,359,21,7,35,0.2,1.9047619047619,0.19047619047619,Video 3
314,5:40,6:02,340,362,22,7,35,0.2,1.81818181818182,0.181818181818182,Video 3
315,5:42,6:07,342,367,25,8,35,0.228571428571429,1.6,0.16,Video 3
316,5:44,6:02,344,362,18,6,35,0.171428571428571,2.22222222222222,0.222222222222222,Video 3
317,8:12,8:28,492,508,16,8,35,0.228571428571429,2.5,0.25,Video 3
318,8:26,8:57,506,537,31,7,35,0.2,1.29032258064516,0.129032258064516,Video 3
319,8:30,9:01,510,541,31,8,35,0.228571428571429,1.29032258064516,0.129032258064516,Video 3
320,8:39,9:13,519,553,34,6,35,0.171428571428571,1.17647058823529,0.117647058823529,Video 3
321,8:51,9:07,531,547,16,4,35,0.114285714285714,2.5,0.25,Video 3
322,8:57,9:11,537,551,14,3,35,0.0857142857142857,2.85714285714286,0.285714285714286,Video 3
323,9:00,9:10,540,550,10,3,35,0.0857142857142857,4,0.4,Video 3
324,9:19,9:29,559,569,10,2,35,0.0571428571428571,4,0.4,Video 3
325,9:31,9:40,571,580,9,2,35,0.0571428571428571,4.44444444444445,0.444444444444445,Video 3
326,9:33,9:43,573,583,10,2,35,0.0571428571428571,4,0.4,Video 3
327,9:34,9:46,574,586,12,3,35,0.0857142857142857,3.33333333333333,0.333333333333333,Video 3
328,9:51,10:02,591,602,11,0,35,0,3.63636363636364,0.363636363636364,Video 3
329,9:53,10:01,593,601,8,1,35,0.0285714285714286,5,0.5,Video 3
330,9:55,10:03,595,603,8,2,35,0.0571428571428571,5,0.5,Video 3
331,10:08,10:20,608,620,12,3,35,0.0857142857142857,3.33333333333333,0.333333333333333,Video 3
332,10:27,10:41,627,641,14,5,35,0.142857142857143,2.85714285714286,0.285714285714286,Video 3
333,11:14,11:29,674,689,15,7,35,0.2,2.66666666666667,0.266666666666667,Video 3
334,11:16,11:30,676,690,14,9,35,0.257142857142857,2.85714285714286,0.285714285714286,Video 3
335,11:16,11:32,676,692,16,9,35,0.257142857142857,2.5,0.25,Video 3
336,11:24,11:36,684,696,12,6,35,0.171428571428571,3.33333333333333,0.333333333333333,Video 3
337,11:28,11:38,688,698,10,3,35,0.0857142857142857,4,0.4,Video 3
338,11:30,11:40,690,700,10,2,35,0.0571428571428571,4,0.4,Video 3
339,11:32,11:42,692,702,10,3,35,0.0857142857142857,4,0.4,Video 3
340,11:36,11:46,696,706,10,4,35,0.114285714285714,4,0.4,Video 3
341,11:40,11:49,700,709,9,3,35,0.0857142857142857,4.44444444444445,0.444444444444445,Video 3
342,11:43,11:52,703,712,9,2,35,0.0571428571428571,4.44444444444445,0.444444444444445,Video 3
343,11:49,11:58,709,718,9,2,35,0.0571428571428571,4.44444444444445,0.444444444444445,Video 3
344,11:51,12:00,711,720,9,1,35,0.0285714285714286,4.44444444444445,0.444444444444445,Video 3
345,11:55,12:07,715,727,12,2,35,0.0571428571428571,3.33333333333333,0.333333333333333,Video 3
346,12:00,12:07,720,727,7,1,35,0.0285714285714286,5.71428571428571,0.571428571428571,Video 3
347,12:00,12:10,720,730,10,2,35,0.0571428571428571,4,0.4,Video 3
348,12:01,12:08,721,728,7,3,35,0.0857142857142857,5.71428571428571,0.571428571428571,Video 3
349,12:04,12:12,724,732,8,4,35,0.114285714285714,5,0.5,Video 3
350,12:07,12:16,727,736,9,4,35,0.114285714285714,4.44444444444445,0.444444444444445,Video 3
351,12:48,13:00,768,780,12,3,35,0.0857142857142857,3.33333333333333,0.333333333333333,Video 3
352,12:53,13:10,773,790,17,3,35,0.0857142857142857,2.35294117647059,0.235294117647059,Video 3
353,12:56,13:19,776,799,23,4,35,0.114285714285714,1.73913043478261,0.173913043478261,Video 3
354,12:59,13:26,779,806,27,4,35,0.114285714285714,1.48148148148148,0.148148148148148,Video 3
355,13:01,13:32,781,812,31,5,35,0.142857142857143,1.29032258064516,0.129032258064516,Video 3
356,13:04,13:31,784,811,27,4,35,0.114285714285714,1.48148148148148,0.148148148148148,Video 3
357,13:07,13:47,787,827,40,5,35,0.142857142857143,1,0.1,Video 3
358,13:20,13:50,800,830,30,7,35,0.2,1.33333333333333,0.133333333333333,Video 3
359,13:24,13:38,804,818,14,6,35,0.171428571428571,2.85714285714286,0.285714285714286,Video 3
360,13:36,13:48,816,828,12,5,35,0.142857142857143,3.33333333333333,0.333333333333333,Video 3
361,13:38,13:52,818,832,14,4,35,0.114285714285714,2.85714285714286,0.285714285714286,Video 3
362,13:53,14:01,833,841,8,0,35,0,5,0.5,Video 3
363,14:09,14:19,849,859,10,2,35,0.0571428571428571,4,0.4,Video 3
364,14:13,14:22,853,862,9,2,35,0.0571428571428571,4.44444444444445,0.444444444444445,Video 3
365,14:16,14:24,856,864,8,3,35,0.0857142857142857,5,0.5,Video 3
366,14:29,14:38,869,878,9,2,35,0.0571428571428571,4.44444444444445,0.444444444444445,Video 3
367,14:31,14:40,871,880,9,2,35,0.0571428571428571,4.44444444444445,0.444444444444445,Video 3
368,14:34,14:45,874,885,11,2,35,0.0571428571428571,3.63636363636364,0.363636363636364,Video 3
369,14:48,15:05,888,905,17,3,35,0.0857142857142857,2.35294117647059,0.235294117647059,Video 3
370,14:49,15:27,889,927,38,4,35,0.114285714285714,1.05263157894737,0.105263157894737,Video 3
371,14:51,15:37,891,937,46,5,35,0.142857142857143,0.869565217391304,0.0869565217391304,Video 3
372,14:52,15:02,892,902,10,5,35,0.142857142857143,4,0.4,Video 3
373,14:56,15:20,896,920,24,6,35,0.171428571428571,1.66666666666667,0.166666666666667,Video 3
374,14:56,16:00,896,960,64,6,35,0.171428571428571,0.625,0.0625,Video 3
375,14:59,15:24,899,924,25,9,35,0.257142857142857,1.6,0.16,Video 3
376,15:01,16:03,901,963,62,10,35,0.285714285714286,0.645161290322581,0.0645161290322581,Video 3
377,15:03,15:29,903,929,26,8,35,0.228571428571429,1.53846153846154,0.153846153846154,Video 3
378,16:10,17:28,970,1048,78,9,35,0.257142857142857,0.512820512820513,0.0512820512820513,Video 3
379,16:11,16:34,971,994,23,8,35,0.228571428571429,1.73913043478261,0.173913043478261,Video 3
380,16:16,16:33,976,993,17,7,35,0.2,2.35294117647059,0.235294117647059,Video 3
381,16:19,16:37,979,997,18,8,35,0.228571428571429,2.22222222222222,0.222222222222222,Video 3
382,16:19,17:35,979,1055,76,8,35,0.228571428571429,0.526315789473684,0.0526315789473684,Video 3
383,16:22,17:49,982,1069,87,8,35,0.228571428571429,0.459770114942529,0.0459770114942529,Video 3
384,16:23,16:37,983,997,14,9,35,0.257142857142857,2.85714285714286,0.285714285714286,Video 3
385,16:27,17:46,987,1066,79,11,35,0.314285714285714,0.506329113924051,0.0506329113924051,Video 3
386,16:29,16:48,989,1008,19,10,35,0.285714285714286,2.10526315789474,0.210526315789474,Video 3
387,18:14,18:54,1094,1134,40,8,35,0.228571428571429,1,0.1,Video 3
388,18:18,18:39,1098,1119,21,9,35,0.257142857142857,1.9047619047619,0.19047619047619,Video 3
389,18:25,19:36,1105,1176,71,10,35,0.285714285714286,0.563380281690141,0.0563380281690141,Video 3
390,18:34,19:00,1114,1140,26,13,35,0.371428571428571,1.53846153846154,0.153846153846154,Video 3
391,18:48,19:00,1128,1140,12,10,35,0.285714285714286,3.33333333333333,0.333333333333333,Video 3
392,19:40,20:08,1180,1208,28,9,35,0.257142857142857,1.42857142857143,0.142857142857143,Video 3
393,19:42,20:19,1182,1219,37,10,35,0.285714285714286,1.08108108108108,0.108108108108108,Video 3
394,19:46,20:40,1186,1240,54,9,35,0.257142857142857,0.740740740740741,0.0740740740740741,Video 3
395,19:46,20:52,1186,1252,66,9,35,0.257142857142857,0.606060606060606,0.0606060606060606,Video 3
396,21:33,22:55,1293,1375,82,10,35,0.285714285714286,0.487804878048781,0.0487804878048781,Video 3
397,21:34,23:13,1294,1393,99,11,35,0.314285714285714,0.404040404040404,0.0404040404040404,Video 3
398,21:39,23:06,1299,1386,87,12,35,0.342857142857143,0.459770114942529,0.0459770114942529,Video 3
399,23:10,23:55,1390,1435,45,9,35,0.257142857142857,0.888888888888889,0.0888888888888889,Video 3
400,23:13,23:57,1393,1437,44,8,35,0.228571428571429,0.909090909090909,0.0909090909090909,Video 3
401,23:14,24:00:00,1394,1440,46,9,35,0.257142857142857,0.869565217391304,0.0869565217391304,Video 3
402,23:18,24:20:00,1398,1460,62,9,35,0.257142857142857,0.645161290322581,0.0645161290322581,Video 3
403,23:21,23:50,1401,1430,29,11,35,0.314285714285714,1.37931034482759,0.137931034482759,Video 3
404,23:23,25:15:00,1403,1515,112,13,35,0.371428571428571,0.357142857142857,0.0357142857142857,Video 3
405,23:25,24:05:00,1405,1445,40,11,35,0.314285714285714,1,0.1,Video 3
406,23:30,25:18:00,1410,1518,108,10,35,0.285714285714286,0.37037037037037,0.037037037037037,Video 3
407,23:36,24:18:00,1416,1458,42,11,35,0.314285714285714,0.952380952380952,0.0952380952380952,Video 3
408,23:45,24:27:00,1425,1467,42,12,35,0.342857142857143,0.952380952380952,0.0952380952380952,Video 3
409,23:50,25:10:00,1430,1510,80,9,35,0.257142857142857,0.5,0.05,Video 3
410,24:04:00,24:37:00,1444,1477,33,10,35,0.285714285714286,1.21212121212121,0.121212121212121,Video 3
411,27:36:00,29:04:00,1656,1744,88,14,35,0.4,0.454545454545455,0.0454545454545455,Video 3
412,30:49:00,31:18:00,1849,1878,29,13,35,0.371428571428571,1.37931034482759,0.137931034482759,Video 3
413,30:50:00,31:35:00,1850,1895,45,14,35,0.4,0.888888888888889,0.0888888888888889,Video 3
414,31:41:00,32:10:00,1901,1930,29,11,35,0.314285714285714,1.37931034482759,0.137931034482759,Video 3
415,31:46:00,32:11:00,1906,1931,25,11,35,0.314285714285714,1.6,0.16,Video 3
416,31:51:00,32:13:00,1911,1933,22,10,35,0.285714285714286,1.81818181818182,0.181818181818182,Video 3
417,31:57:00,32:16:00,1917,1936,19,10,35,0.285714285714286,2.10526315789474,0.210526315789474,Video 3
418,33:32:00,34:08:00,2012,2048,36,8,35,0.228571428571429,1.11111111111111,0.111111111111111,Video 3
419,33:32:00,34:13:00,2012,2053,41,9,35,0.257142857142857,0.975609756097561,0.0975609756097561,Video 3
420,33:36:00,34:14:00,2016,2054,38,8,35,0.228571428571429,1.05263157894737,0.105263157894737,Video 3
421,33:36:00,34:18:00,2016,2058,42,9,35,0.257142857142857,0.952380952380952,0.0952380952380952,Video 3
422,33:41:00,34:32:00,2021,2072,51,9,35,0.257142857142857,0.784313725490196,0.0784313725490196,Video 3
423,3:10,3:33,190,213,23,10,35,0.285714285714286,1.73913043478261,0.173913043478261,Video 4
424,3:16,3:44,196,224,28,9,35,0.257142857142857,1.42857142857143,0.142857142857143,Video 4
425,3:16,3:42,196,222,26,9,35,0.257142857142857,1.53846153846154,0.153846153846154,Video 4
426,3:20,3:45,200,225,25,11,35,0.314285714285714,1.6,0.16,Video 4
427,3:21,3:48,201,228,27,11,35,0.314285714285714,1.48148148148148,0.148148148148148,Video 4
428,3:21,3:50,205,230,25,11,35,0.314285714285714,1.6,0.16,Video 4
429,3:27,3:51,207,231,24,11,35,0.314285714285714,1.66666666666667,0.166666666666667,Video 4
430,3:29,3:52,209,232,23,10,35,0.285714285714286,1.73913043478261,0.173913043478261,Video 4
431,3:33,3:55,213,235,22,11,35,0.314285714285714,1.81818181818182,0.181818181818182,Video 4
432,3:34,4:00,214,240,26,12,35,0.342857142857143,1.53846153846154,0.153846153846154,Video 4
433,3:38,4:01,218,241,23,13,35,0.371428571428571,1.73913043478261,0.173913043478261,Video 4
434,3:39,4:03,219,243,24,13,35,0.371428571428571,1.66666666666667,0.166666666666667,Video 4
435,4:11,4:37,251,277,26,12,35,0.342857142857143,1.53846153846154,0.153846153846154,Video 4
436,4:13,4:43,253,283,30,12,35,0.342857142857143,1.33333333333333,0.133333333333333,Video 4
437,4:36,4:57,276,297,21,14,35,0.4,1.9047619047619,0.19047619047619,Video 4
438,4:44,5:09,288,309,21,13,35,0.371428571428571,1.9047619047619,0.19047619047619,Video 4
439,4:46,5:11,286,311,25,14,35,0.4,1.6,0.16,Video 4
440,4:49,5:13,289,313,24,13,35,0.371428571428571,1.66666666666667,0.166666666666667,Video 4
441,4:50,5:17,290,317,27,14,35,0.4,1.48148148148148,0.148148148148148,Video 4
442,5:10,5:35,310,335,25,11,35,0.314285714285714,1.6,0.16,Video 4
443,5:12,5:46,312,346,34,12,35,0.342857142857143,1.17647058823529,0.117647058823529,Video 4
444,5:13,5:42,313,342,29,12,35,0.342857142857143,1.37931034482759,0.137931034482759,Video 4
445,5:14,6:05,314,365,51,14,35,0.4,0.784313725490196,0.0784313725490196,Video 4
446,5:15,6:09,315,369,54,14,35,0.4,0.740740740740741,0.0740740740740741,Video 4
447,5:20,6:07,320,367,47,14,35,0.4,0.851063829787234,0.0851063829787234,Video 4
448,5:20,6:16,320,376,56,14,35,0.4,0.714285714285714,0.0714285714285714,Video 4
449,5:26,6:10,326,370,44,14,35,0.4,0.909090909090909,0.0909090909090909,Video 4
450,5:27,6:11,327,371,44,15,35,0.428571428571429,0.909090909090909,0.0909090909090909,Video 4
451,6:28,7:29,388,449,61,13,35,0.371428571428571,0.655737704918033,0.0655737704918033,Video 4
452,6:30,7:32,390,452,62,15,35,0.428571428571429,0.645161290322581,0.0645161290322581,Video 4
453,6:32,7:30,392,450,58,15,35,0.428571428571429,0.689655172413793,0.0689655172413793,Video 4
454,6:35,7:38,395,458,63,15,35,0.428571428571429,0.634920634920635,0.0634920634920635,Video 4
455,6:36,7:34,396,454,58,15,35,0.428571428571429,0.689655172413793,0.0689655172413793,Video 4
456,6:39,7:45,399,465,66,16,35,0.457142857142857,0.606060606060606,0.0606060606060606,Video 4
457,6:40,7:36,400,456,56,16,35,0.457142857142857,0.714285714285714,0.0714285714285714,Video 4
458,9:30,9:58,570,598,28,14,35,0.4,1.42857142857143,0.142857142857143,Video 4
459,8:47,9:20,527,560,33,13,35,0.371428571428571,1.21212121212121,0.121212121212121,Video 4
460,9:43,10:09,583,609,26,13,35,0.371428571428571,1.53846153846154,0.153846153846154,Video 4
461,9:47,10:18,587,618,31,13,35,0.371428571428571,1.29032258064516,0.129032258064516,Video 4
462,9:49,10:29,589,629,40,12,35,0.342857142857143,1,0.1,Video 4
463,9:51,10:28,591,628,37,12,35,0.342857142857143,1.08108108108108,0.108108108108108,Video 4
464,10:20,10:39,620,639,19,12,35,0.342857142857143,2.10526315789474,0.210526315789474,Video 4
465,10:22,11:23,622,683,61,14,35,0.4,0.655737704918033,0.0655737704918033,Video 4
466,10:24,10:44,624,644,20,14,35,0.4,2,0.2,Video 4
467,10:27,11:34,627,694,67,14,35,0.4,0.597014925373134,0.0597014925373134,Video 4
468,10:28,10:46,628,646,18,13,35,0.371428571428571,2.22222222222222,0.222222222222222,Video 4
469,10:32,10:56,632,656,24,13,35,0.371428571428571,1.66666666666667,0.166666666666667,Video 4
470,10:38,11:05,638,665,27,11,35,0.314285714285714,1.48148148148148,0.148148148148148,Video 4
471,10:40,11:37,640,697,57,11,35,0.314285714285714,0.701754385964912,0.0701754385964912,Video 4
472,10:41,11:20,641,680,39,12,35,0.342857142857143,1.02564102564103,0.102564102564103,Video 4
473,10:57,11:39,657,699,42,13,35,0.371428571428571,0.952380952380952,0.0952380952380952,Video 4
474,10:59,11:46,659,706,47,15,35,0.428571428571429,0.851063829787234,0.0851063829787234,Video 4
475,11:01,11:45,661,705,44,14,35,0.4,0.909090909090909,0.0909090909090909,Video 4
476,11:04,11:50,664,710,46,14,35,0.4,0.869565217391304,0.0869565217391304,Video 4
477,11:07,11:49,667,709,42,15,35,0.428571428571429,0.952380952380952,0.0952380952380952,Video 4
478,11:09,11:53,669,713,44,17,35,0.485714285714286,0.909090909090909,0.0909090909090909,Video 4
479,11:12,11:52,672,712,40,18,35,0.514285714285714,1,0.1,Video 4
480,11:39,11:56,699,716,17,12,35,0.342857142857143,2.35294117647059,0.235294117647059,Video 4
481,11:40,11:58,700,718,18,13,35,0.371428571428571,2.22222222222222,0.222222222222222,Video 4
482,11:44,12:00,704,720,16,11,35,0.314285714285714,2.5,0.25,Video 4
483,11:45,12:02,705,722,17,12,35,0.342857142857143,2.35294117647059,0.235294117647059,Video 4
484,11:47,12:04,707,724,17,12,35,0.342857142857143,2.35294117647059,0.235294117647059,Video 4
485,11:50,12:05,710,725,15,11,35,0.314285714285714,2.66666666666667,0.266666666666667,Video 4
486,11:51,12:10,711,732,21,12,35,0.342857142857143,1.9047619047619,0.19047619047619,Video 4
487,11:53,12:06,713,726,13,10,35,0.285714285714286,3.07692307692308,0.307692307692308,Video 4
488,12:45,14:09,765,849,84,18,35,0.514285714285714,0.476190476190476,0.0476190476190476,Video 4
489,12:58,14:47,778,887,109,19,35,0.542857142857143,0.36697247706422,0.036697247706422,Video 4
490,13:00,14:53,780,893,113,20,35,0.571428571428571,0.353982300884956,0.0353982300884956,Video 4
491,13:33,15:18,813,918,105,15,35,0.428571428571429,0.380952380952381,0.0380952380952381,Video 4
492,13:35,15:26,815,926,111,16,35,0.457142857142857,0.36036036036036,0.036036036036036,Video 4
493,13:39,15:22,819,922,103,17,35,0.485714285714286,0.388349514563107,0.0388349514563107,Video 4
494,13:40,15:30,820,930,110,18,35,0.514285714285714,0.363636363636364,0.0363636363636364,Video 4
495,13:44,15:31,824,931,107,19,35,0.542857142857143,0.373831775700935,0.0373831775700935,Video 4
496,14:00,15:36,840,936,96,14,35,0.4,0.416666666666667,0.0416666666666667,Video 4
497,14:04,15:38,844,938,94,13,35,0.371428571428571,0.425531914893617,0.0425531914893617,Video 4
498,22:55,23:38,1375,1418,43,13,35,0.371428571428571,0.930232558139535,0.0930232558139535,Video 4
499,23:01,23:41,1381,1421,40,14,35,0.4,1,0.1,Video 4
500,23:28,23:43,1408,1423,15,9,35,0.257142857142857,2.66666666666667,0.266666666666667,Video 4
501,0:03:00,1:04:00,3,64,61,17,35,0.485714285714286,0.655737704918033,0.0655737704918033,Video 5
502,0:16:00,1:19:00,16,79,63,20,35,0.571428571428571,0.634920634920635,0.0634920634920635,Video 5
503,0:54:00,1:58:00,54,118,64,13,35,0.371428571428571,0.625,0.0625,Video 5
504,0:55:00,1:23:00,55,83,28,14,35,0.4,1.42857142857143,0.142857142857143,Video 5
505,0:58:00,2:03:00,58,123,65,12,35,0.342857142857143,0.615384615384615,0.0615384615384615,Video 5
506,1:01:00,1:51:00,61,111,50,13,35,0.371428571428571,0.8,0.08,Video 5
507,1:04:00,2:15:00,64,135,71,11,35,0.314285714285714,0.563380281690141,0.0563380281690141,Video 5
508,1:06:00,1:57:00,66,117,51,11,35,0.314285714285714,0.784313725490196,0.0784313725490196,Video 5
509,1:08:00,2:24:00,68,144,76,10,35,0.285714285714286,0.526315789473684,0.0526315789473684,Video 5
510,1:10:00,3:00:00,70,180,110,9,35,0.257142857142857,0.363636363636364,0.0363636363636364,Video 5
511,1:15:00,2:31:00,75,151,76,10,35,0.285714285714286,0.526315789473684,0.0526315789473684,Video 5
512,1:17:00,2:35:00,77,155,78,13,35,0.371428571428571,0.512820512820513,0.0512820512820513,Video 5
513,1:24:00,1:39:00,84,99,15,11,35,0.314285714285714,2.66666666666667,0.266666666666667,Video 5
514,1:26:00,3:12:00,86,192,106,10,35,0.285714285714286,0.377358490566038,0.0377358490566038,Video 5
515,1:34:00,2:25:00,94,145,51,14,35,0.4,0.784313725490196,0.0784313725490196,Video 5
516,1:43:00,2:58:00,103,178,75,14,35,0.4,0.533333333333333,0.0533333333333333,Video 5
517,1:43:00,4:05:00,103,245,142,14,35,0.4,0.28169014084507,0.028169014084507,Video 5
518,1:48:00,3:02:00,108,182,74,14,35,0.4,0.540540540540541,0.0540540540540541,Video 5
519,1:52:00,3:25:00,112,205,93,15,35,0.428571428571429,0.43010752688172,0.043010752688172,Video 5
520,1:58:00,4:14:00,118,254,136,17,35,0.485714285714286,0.294117647058824,0.0294117647058824,Video 5
521,2:11:00,4:10:00,131,250,119,15,35,0.428571428571429,0.336134453781513,0.0336134453781513,Video 5
522,4:48:00,5:25:00,288,325,37,11,35,0.314285714285714,1.08108108108108,0.108108108108108,Video 5
523,4:49:00,5:20:00,289,320,31,10,35,0.285714285714286,1.29032258064516,0.129032258064516,Video 5
524,4:53:00,5:29:00,293,329,36,8,35,0.228571428571429,1.11111111111111,0.111111111111111,Video 5
525,4:54:00,5:24:00,294,324,30,9,35,0.257142857142857,1.33333333333333,0.133333333333333,Video 5
526,4:58:00,5:29:00,298,329,31,10,35,0.285714285714286,1.29032258064516,0.129032258064516,Video 5
527,5:02:00,5:19:00,302,319,17,9,35,0.257142857142857,2.35294117647059,0.235294117647059,Video 5
528,5:07:00,5:33:00,307,333,26,12,35,0.342857142857143,1.53846153846154,0.153846153846154,Video 5
529,5:10:00,5:35:00,310,335,25,14,35,0.4,1.6,0.16,Video 5
530,5:14:00,5:50:00,314,350,36,14,35,0.4,1.11111111111111,0.111111111111111,Video 5
531,5:17:00,5:41:00,317,341,24,12,35,0.342857142857143,1.66666666666667,0.166666666666667,Video 5
532,5:17:00,5:56:00,317,356,39,13,35,0.371428571428571,1.02564102564103,0.102564102564103,Video 5
533,6:09:00,6:33:00,369,393,24,12,35,0.342857142857143,1.66666666666667,0.166666666666667,Video 5
534,6:45:00,7:10:00,405,430,25,7,35,0.2,1.6,0.16,Video 5
535,6:47:00,7:16:00,407,436,29,7,35,0.2,1.37931034482759,0.137931034482759,Video 5
536,6:48:00,7:16:00,408,436,28,8,35,0.228571428571429,1.42857142857143,0.142857142857143,Video 5
537,6:52:00,7:02:00,412,422,10,8,35,0.228571428571429,4,0.4,Video 5
538,6:56:00,7:20:00,416,440,24,9,35,0.257142857142857,1.66666666666667,0.166666666666667,Video 5
539,7:02:00,7:29:00,422,449,27,10,35,0.285714285714286,1.48148148148148,0.148148148148148,Video 5
540,7:06:00,8:01:00,426,481,55,9,35,0.257142857142857,0.727272727272727,0.0727272727272727,Video 5
541,9:29:00,9:59:00,569,599,30,12,35,0.342857142857143,1.33333333333333,0.133333333333333,Video 5
542,9:32:00,10:03:00,572,603,31,13,35,0.371428571428571,1.29032258064516,0.129032258064516,Video 5
543,9:33:00,10:24:00,573,624,51,14,35,0.4,0.784313725490196,0.0784313725490196,Video 5
544,9:35:00,11:51:00,575,711,136,15,35,0.428571428571429,0.294117647058824,0.0294117647058824,Video 5
545,9:37:00,10:06:00,577,606,29,16,35,0.457142857142857,1.37931034482759,0.137931034482759,Video 5
546,9:41:00,10:09:00,581,609,28,16,35,0.457142857142857,1.42857142857143,0.142857142857143,Video 5
547,9:41:00,12:04:00,581,724,143,17,35,0.485714285714286,0.27972027972028,0.027972027972028,Video 5
548,9:48:00,10:13:00,588,613,25,14,35,0.4,1.6,0.16,Video 5
549,9:54:00,10:21:00,594,621,27,14,35,0.4,1.48148148148148,0.148148148148148,Video 5
550,9:57:00,10:25:00,597,625,28,14,35,0.4,1.42857142857143,0.142857142857143,Video 5
551,10:21:00,11:58:00,621,718,97,14,35,0.4,0.412371134020619,0.0412371134020619,Video 5
552,10:21:00,12:07:00,621,727,106,15,35,0.428571428571429,0.377358490566038,0.0377358490566038,Video 5
553,10:26:00,12:05:00,626,725,99,15,35,0.428571428571429,0.404040404040404,0.0404040404040404,Video 5
554,10:29:00,10:49:00,629,649,20,17,35,0.485714285714286,2,0.2,Video 5
555,10:32:00,12:11:00,632,731,99,15,35,0.428571428571429,0.404040404040404,0.0404040404040404,Video 5
556,10:34:00,12:21:00,634,741,107,16,35,0.457142857142857,0.373831775700935,0.0373831775700935,Video 5
557,10:39:00,12:20:00,639,740,101,17,35,0.485714285714286,0.396039603960396,0.0396039603960396,Video 5
558,10:41:00,12:15:00,641,735,94,17,35,0.485714285714286,0.425531914893617,0.0425531914893617,Video 5
559,10:43:00,12:01:00,643,721,78,20,35,0.571428571428571,0.512820512820513,0.0512820512820513,Video 5
560,10:45:00,12:49:00,645,769,124,19,35,0.542857142857143,0.32258064516129,0.032258064516129,Video 5
561,10:46:00,12:25:00,646,745,99,20,35,0.571428571428571,0.404040404040404,0.0404040404040404,Video 5
562,10:48:00,12:12:00,648,732,84,20,35,0.571428571428571,0.476190476190476,0.0476190476190476,Video 5
563,13:30:00,13:53:00,810,833,23,10,35,0.285714285714286,1.73913043478261,0.173913043478261,Video 5
564,15:58:00,16:56:00,958,1016,58,11,35,0.314285714285714,0.689655172413793,0.0689655172413793,Video 5
565,16:00:00,17:00:00,960,1020,60,10,35,0.285714285714286,0.666666666666667,0.0666666666666667,Video 5
566,19:13:00,20:34:00,1153,1234,81,9,35,0.257142857142857,0.493827160493827,0.0493827160493827,Video 5
567,19:13:00,19:48:00,1153,1188,35,10,35,0.285714285714286,1.14285714285714,0.114285714285714,Video 5
568,19:18:00,19:54:00,1158,1194,36,9,35,0.257142857142857,1.11111111111111,0.111111111111111,Video 5
569,19:20:00,21:31:00,1160,1291,131,10,35,0.285714285714286,0.305343511450382,0.0305343511450382,Video 5
570,19:23:00,21:33:00,1163,1293,130,12,35,0.342857142857143,0.307692307692308,0.0307692307692308,Video 5
571,19:24:00,21:44:00,1164,1304,140,14,35,0.4,0.285714285714286,0.0285714285714286,Video 5
572,19:29:00,21:35:00,1169,1295,126,14,35,0.4,0.317460317460317,0.0317460317460317,Video 5
573,19:29:00,21:53:00,1169,1313,144,15,35,0.428571428571429,0.277777777777778,0.0277777777777778,Video 5
574,19:34:00,20:51:00,1174,1251,77,14,35,0.4,0.519480519480519,0.0519480519480519,Video 5
575,19:34:00,21:35:00,1174,1295,121,14,35,0.4,0.330578512396694,0.0330578512396694,Video 5
576,19:53:00,21:39:00,1193,1299,106,15,35,0.428571428571429,0.377358490566038,0.0377358490566038,Video 5
577,19:55:00,21:55:00,1195,1315,120,16,35,0.457142857142857,0.333333333333333,0.0333333333333333,Video 5
578,19:57:00,22:02:00,1197,1322,125,15,35,0.428571428571429,0.32,0.032,Video 5
579,20:01:00,22:07:00,1201,1327,126,17,35,0.485714285714286,0.317460317460317,0.0317460317460317,Video 5
580,20:05:00,22:07:00,1205,1327,122,16,35,0.457142857142857,0.327868852459016,0.0327868852459016,Video 5
581,20:10:00,21:06:00,1210,1266,56,18,35,0.514285714285714,0.714285714285714,0.0714285714285714,Video 5
582,20:18:00,22:33:00,1218,1353,135,20,35,0.571428571428571,0.296296296296296,0.0296296296296296,Video 5
583,20:23:00,22:36:00,1223,1356,133,19,35,0.542857142857143,0.300751879699248,0.0300751879699248,Video 5
584,20:29:00,22:40:00,1229,1360,131,19,35,0.542857142857143,0.305343511450382,0.0305343511450382,Video 5
585,20:46:00,22:32:00,1246,1352,106,19,35,0.542857142857143,0.377358490566038,0.0377358490566038,Video 5
586,20:54:00,22:36:00,1254,1356,102,20,35,0.571428571428571,0.392156862745098,0.0392156862745098,Video 5
587,21:00:00,22:44:00,1260,1364,104,21,35,0.6,0.384615384615385,0.0384615384615385,Video 5
588,21:11:00,21:50:00,1271,1310,39,21,35,0.6,1.02564102564103,0.102564102564103,Video 5
589,21:16:00,23:12:00,1276,1392,116,23,35,0.657142857142857,0.344827586206897,0.0344827586206897,Video 5
590,21:47:00,22:09:00,1307,1329,22,17,35,0.485714285714286,1.81818181818182,0.181818181818182,Video 5
591,21:55:00,24:52:00,1315,1492,177,16,35,0.457142857142857,0.225988700564972,0.0225988700564972,Video 5
592,25:02:00,25:32:00,1502,1532,30,12,35,0.342857142857143,1.33333333333333,0.133333333333333,Video 5
593,25:04:00,26:23:00,1504,1583,79,13,35,0.371428571428571,0.506329113924051,0.0506329113924051,Video 5
594,25:09:00,25:17:00,1509,1517,8,14,35,0.4,5,0.5,Video 5
595,25:09:00,25:42:00,1509,1542,33,15,35,0.428571428571429,1.21212121212121,0.121212121212121,Video 5
596,25:10:00,26:25:00,1510,1585,75,15,35,0.428571428571429,0.533333333333333,0.0533333333333333,Video 5
597,25:14:00,25:44:00,1514,1544,30,13,35,0.371428571428571,1.33333333333333,0.133333333333333,Video 5
598,25:21:00,26:25:00,1521,1585,64,14,35,0.4,0.625,0.0625,Video 5
599,25:30:00,26:32:00,1530,1592,62,10,35,0.285714285714286,0.645161290322581,0.0645161290322581,Video 5
600,25:31:00,26:32:00,1531,1592,61,11,35,0.314285714285714,0.655737704918033,0.0655737704918033,Video 5
601,25:35:00,26:39:00,1535,1599,64,10,35,0.285714285714286,0.625,0.0625,Video 5
602,25:37:00,26:39:00,1537,1599,62,11,35,0.314285714285714,0.645161290322581,0.0645161290322581,Video 5
603,25:39:00,27:05:00,1539,1625,86,11,35,0.314285714285714,0.465116279069767,0.0465116279069767,Video 5
604,25:41:00,27:16:00,1541,1636,95,12,35,0.342857142857143,0.421052631578947,0.0421052631578947,Video 5
605,25:43:00,26:48:00,1543,1608,65,12,35,0.342857142857143,0.615384615384615,0.0615384615384615,Video 5
606,25:46:00,27:45:00,1546,1665,119,12,35,0.342857142857143,0.336134453781513,0.0336134453781513,Video 5
607,25:51:00,27:49:00,1551,1669,118,12,35,0.342857142857143,0.338983050847458,0.0338983050847458,Video 5
608,25:56:00,26:56:00,1556,1616,60,13,35,0.371428571428571,0.666666666666667,0.0666666666666667,Video 5
609,26:00:00,27:52:00,1560,1672,112,14,35,0.4,0.357142857142857,0.0357142857142857,Video 5
610,26:10:00,27:00:00,1570,1620,50,16,35,0.457142857142857,0.8,0.08,Video 5
611,26:14:00,26:51:00,1574,1611,37,17,35,0.485714285714286,1.08108108108108,0.108108108108108,Video 5
612,28:07:00,30:17:00,1687,1817,130,11,35,0.314285714285714,0.307692307692308,0.0307692307692308,Video 5
613,28:08:00,30:44:00,1688,1844,156,12,35,0.342857142857143,0.256410256410256,0.0256410256410256,Video 5
614,28:10:00,30:20:00,1690,1820,130,12,35,0.342857142857143,0.307692307692308,0.0307692307692308,Video 5
615,28:13:00,30:46:00,1693,1846,153,13,35,0.371428571428571,0.261437908496732,0.0261437908496732,Video 5
616,28:15:00,30:23:00,1695,1823,128,14,35,0.4,0.3125,0.03125,Video 5
617,28:20:00,30:37:00,1700,1837,137,14,35,0.4,0.291970802919708,0.0291970802919708,Video 5
618,28:27:00,30:42:00,1707,1842,135,15,35,0.428571428571429,0.296296296296296,0.0296296296296296,Video 5
619,28:29:00,30:51:00,1709,1851,142,16,35,0.457142857142857,0.28169014084507,0.028169014084507,Video 5
620,28:31:00,30:53:00,1711,1853,142,16,35,0.457142857142857,0.28169014084507,0.028169014084507,Video 5
621,28:36:00,30:45:00,1716,1845,129,20,35,0.571428571428571,0.310077519379845,0.0310077519379845,Video 5
622,29:09:00,30:51:00,1749,1851,102,20,35,0.571428571428571,0.392156862745098,0.0392156862745098,Video 5
623,29:10:00,30:55:00,1750,1855,105,21,35,0.6,0.380952380952381,0.0380952380952381,Video 5
624,30:34:00,31:00:00,1834,1860,26,15,35,0.428571428571429,1.53846153846154,0.153846153846154,Video 5
625,30:40:00,31:03:00,1840,1863,23,12,35,0.342857142857143,1.73913043478261,0.173913043478261,Video 5
626,30:42:00,30:58:00,1842,1858,16,10,35,0.285714285714286,2.5,0.25,Video 5
627,30:47:00,31:01:00,1847,1861,14,9,35,0.257142857142857,2.85714285714286,0.285714285714286,Video 5
628,30:48:00,31:05:00,1848,1865,17,10,35,0.285714285714286,2.35294117647059,0.235294117647059,Video 5
629,30:51:00,31:03:00,1851,1863,12,10,35,0.285714285714286,3.33333333333333,0.333333333333333,Video 5
630,30:59:00,31:10:00,1859,1870,11,10,35,0.285714285714286,3.63636363636364,0.363636363636364,Video 5
631,31:02:00,31:13:00,1862,1873,11,10,35,0.285714285714286,3.63636363636364,0.363636363636364,Video 5
632,31:03:00,31:13:00,1863,1873,10,11,35,0.314285714285714,4,0.4,Video 5
633,31:06:00,31:16:00,1866,1876,10,7,35,0.2,4,0.4,Video 5
634,31:06:00,31:16:00,1866,1876,10,8,35,0.228571428571429,4,0.4,Video 5
635,31:09:00,31:19:00,1869,1879,10,5,35,0.142857142857143,4,0.4,Video 5
636,31:10:00,31:21:00,1870,1881,11,7,35,0.2,3.63636363636364,0.363636363636364,Video 5
637,31:11:00,31:22:00,1871,1882,11,8,35,0.228571428571429,3.63636363636364,0.363636363636364,Video 5
638,31:13:00,31:25:00,1873,1885,12,6,35,0.171428571428571,3.33333333333333,0.333333333333333,Video 5
639,31:15:00,31:23:00,1875,1883,8,8,35,0.228571428571429,5,0.5,Video 5
640,31:17:00,31:26:00,1877,1886,9,5,35,0.142857142857143,4.44444444444445,0.444444444444445,Video 5
641,31:18:00,31:28:00,1878,1888,10,6,35,0.171428571428571,4,0.4,Video 5
642,31:20:00,31:31:00,1880,1891,11,5,35,0.142857142857143,3.63636363636364,0.363636363636364,Video 5
643,31:21:00,31:33:00,1881,1893,12,7,35,0.2,3.33333333333333,0.333333333333333,Video 5
644,31:24:00,31:34:00,1884,1894,10,5,35,0.142857142857143,4,0.4,Video 5
645,31:24:00,31:37:00,1884,1897,13,6,35,0.171428571428571,3.07692307692308,0.307692307692308,Video 5
646,31:26:00,31:38:00,1886,1898,12,6,35,0.171428571428571,3.33333333333333,0.333333333333333,Video 5
647,31:28:00,31:40:00,1888,1900,12,6,35,0.171428571428571,3.33333333333333,0.333333333333333,Video 5
648,31:30:00,31:42:00,1890,1902,12,6,35,0.171428571428571,3.33333333333333,0.333333333333333,Video 5
649,31:31:00,31:44:00,1891,1904,13,6,35,0.171428571428571,3.07692307692308,0.307692307692308,Video 5
650,31:32:00,31:45:00,1892,1905,13,7,35,0.2,3.07692307692308,0.307692307692308,Video 5
651,31:33:00,31:48:00,1893,1908,15,7,35,0.2,2.66666666666667,0.266666666666667,Video 5
652,31:35:00,31:48:00,1895,1908,13,9,35,0.257142857142857,3.07692307692308,0.307692307692308,Video 5
653,31:38:00,31:56:00,1898,1916,18,9,35,0.257142857142857,2.22222222222222,0.222222222222222,Video 5
654,1:52,6:13,112,373,261,19,35,0.542857142857143,0.153256704980843,0.0153256704980843,Video 6
655,1:54,5:24,114,324,210,22,35,0.628571428571429,0.19047619047619,0.019047619047619,Video 6
656,16:46,17:57,1006,1077,71,20,35,0.571428571428571,0.563380281690141,0.0563380281690141,Video 6
657,16:47,18:00,1007,1080,73,21,35,0.6,0.547945205479452,0.0547945205479452,Video 6
658,16:48,18:17,1008,1097,89,22,35,0.628571428571429,0.449438202247191,0.0449438202247191,Video 6
659,17:47,18:19,1067,1099,32,19,35,0.542857142857143,1.25,0.125,Video 6
660,17:52,18:24,1072,1104,32,17,35,0.485714285714286,1.25,0.125,Video 6
661,17:53,18:23,1073,1103,30,17,35,0.485714285714286,1.33333333333333,0.133333333333333,Video 6
662,17:55,18:29,1075,1109,34,17,35,0.485714285714286,1.17647058823529,0.117647058823529,Video 6
663,17:58,18:26,1078,1106,28,17,35,0.485714285714286,1.42857142857143,0.142857142857143,Video 6
664,17:58,18:32,1078,1112,34,17,35,0.485714285714286,1.17647058823529,0.117647058823529,Video 6
665,18:02,18:30,1082,1110,28,17,35,0.485714285714286,1.42857142857143,0.142857142857143,Video 6
666,18:36,19:27,1116,1167,51,16,35,0.457142857142857,0.784313725490196,0.0784313725490196,Video 6
667,18:37,19:29,1117,1169,52,17,35,0.485714285714286,0.769230769230769,0.0769230769230769,Video 6
668,18:43,19:32,1123,1172,49,16,35,0.457142857142857,0.816326530612245,0.0816326530612245,Video 6
669,18:44,19:32,1124,1172,48,16,35,0.457142857142857,0.833333333333333,0.0833333333333333,Video 6
670,19:45,20:06,1185,1206,21,12,35,0.342857142857143,1.9047619047619,0.19047619047619,Video 6
671,19:49,20:05,1189,1205,16,12,35,0.342857142857143,2.5,0.25,Video 6
672,19:51,20:10,1191,1210,19,12,35,0.342857142857143,2.10526315789474,0.210526315789474,Video 6
673,19:55,20:21,1195,1221,26,11,35,0.314285714285714,1.53846153846154,0.153846153846154,Video 6
674,19:56,20:09,1196,1209,13,11,35,0.314285714285714,3.07692307692308,0.307692307692308,Video 6
675,19:58,20:35,1198,1235,37,11,35,0.314285714285714,1.08108108108108,0.108108108108108,Video 6
676,19:59,20:12,1199,1212,13,10,35,0.285714285714286,3.07692307692308,0.307692307692308,Video 6
677,20:02,20:13,1202,1213,11,10,35,0.285714285714286,3.63636363636364,0.363636363636364,Video 6
678,20:05,20:22,1205,1222,17,9,35,0.257142857142857,2.35294117647059,0.235294117647059,Video 6
679,20:06,20:17,1206,1217,11,9,35,0.257142857142857,3.63636363636364,0.363636363636364,Video 6
680,20:08,20:26,1208,1226,18,9,35,0.257142857142857,2.22222222222222,0.222222222222222,Video 6
681,20:09,20:20,1209,1220,11,9,35,0.257142857142857,3.63636363636364,0.363636363636364,Video 6
682,20:10,20:26,1210,1226,16,9,35,0.257142857142857,2.5,0.25,Video 6
683,20:10,20:21,1210,1221,11,9,35,0.257142857142857,3.63636363636364,0.363636363636364,Video 6
684,20:13,20:28,1213,1228,15,10,35,0.285714285714286,2.66666666666667,0.266666666666667,Video 6
685,20:14,20:28,1214,1228,14,11,35,0.314285714285714,2.85714285714286,0.285714285714286,Video 6
686,20:18,20:29,1218,1229,11,12,35,0.342857142857143,3.63636363636364,0.363636363636364,Video 6
687,20:18,20:33,1218,1233,15,12,35,0.342857142857143,2.66666666666667,0.266666666666667,Video 6
688,20:37,20:59,1237,1259,22,11,35,0.314285714285714,1.81818181818182,0.181818181818182,Video 6
689,20:38,21:21,1238,1281,43,11,35,0.314285714285714,0.930232558139535,0.0930232558139535,Video 6
690,20:40,21:06,1240,1266,26,10,35,0.285714285714286,1.53846153846154,0.153846153846154,Video 6
691,21:19,21:39,1279,1299,20,9,35,0.257142857142857,2,0.2,Video 6
692,22:25,23:02,1345,1382,37,11,35,0.314285714285714,1.08108108108108,0.108108108108108,Video 6
693,22:39,23:04,1359,1384,25,15,35,0.428571428571429,1.6,0.16,Video 6
694,22:42,23:04,1362,1384,22,12,35,0.342857142857143,1.81818181818182,0.181818181818182,Video 6
695,22:45,23:10,1365,1390,25,13,35,0.371428571428571,1.6,0.16,Video 6
696,22:47,23:08,1367,1388,21,14,35,0.4,1.9047619047619,0.19047619047619,Video 6
697,22:51,23:12,1371,1392,21,13,35,0.371428571428571,1.9047619047619,0.19047619047619,Video 6
698,22:53,23:14,1373,1394,21,14,35,0.4,1.9047619047619,0.19047619047619,Video 6
699,22:55,23:16,1375,1396,21,13,35,0.371428571428571,1.9047619047619,0.19047619047619,Video 6
700,22:58,23:18,1378,1398,20,13,35,0.371428571428571,2,0.2,Video 6
701,22:58,23:20,1378,1400,22,13,35,0.371428571428571,1.81818181818182,0.181818181818182,Video 6
702,23:01,23:21,1381,1401,20,14,35,0.4,2,0.2,Video 6
703,23:01,23:23,1381,1403,22,14,35,0.4,1.81818181818182,0.181818181818182,Video 6
704,23:04,23:26,1384,1406,22,13,35,0.371428571428571,1.81818181818182,0.181818181818182,Video 6
705,23:35,25:01:00,1415,1501,86,12,35,0.342857142857143,0.465116279069767,0.0465116279069767,Video 6
706,23:36,25:08:00,1416,1508,92,13,35,0.371428571428571,0.434782608695652,0.0434782608695652,Video 6
707,23:40,25:06:00,1420,1506,86,13,35,0.371428571428571,0.465116279069767,0.0465116279069767,Video 6
708,23:40,25:13:00,1420,1513,93,13,35,0.371428571428571,0.43010752688172,0.043010752688172,Video 6
709,23:43,25:11:00,1423,1511,88,15,35,0.428571428571429,0.454545454545455,0.0454545454545455,Video 6
710,23:43,25:14:00,1423,1514,91,15,35,0.428571428571429,0.43956043956044,0.043956043956044,Video 6
711,28:02:00,28:47:00,1682,1727,45,18,35,0.514285714285714,0.888888888888889,0.0888888888888889,Video 6
712,28:12:00,28:51:00,1692,1731,39,15,35,0.428571428571429,1.02564102564103,0.102564102564103,Video 6
713,28:20:00,28:42:00,1700,1722,22,16,35,0.457142857142857,1.81818181818182,0.181818181818182,Video 6
714,28:29:00,29:18:00,1709,1758,49,18,35,0.514285714285714,0.816326530612245,0.0816326530612245,Video 6
715,28:31:00,29:20:00,1711,1760,49,18,35,0.514285714285714,0.816326530612245,0.0816326530612245,Video 6
716,28:33:00,29:06:00,1713,1746,33,18,35,0.514285714285714,1.21212121212121,0.121212121212121,Video 6
717,28:49:00,29:16:00,1729,1756,27,15,35,0.428571428571429,1.48148148148148,0.148148148148148,Video 6
718,28:56:00,29:22:00,1736,1762,26,13,35,0.371428571428571,1.53846153846154,0.153846153846154,Video 6
719,29:12:00,29:30:00,1752,1770,18,12,35,0.342857142857143,2.22222222222222,0.222222222222222,Video 6
720,29:20:00,30:11:00,1760,1811,51,14,35,0.4,0.784313725490196,0.0784313725490196,Video 6
721,29:26:00,30:03:00,1766,1803,37,10,35,0.285714285714286,1.08108108108108,0.108108108108108,Video 6
722,29:29:00,30:08:00,1769,1808,39,10,35,0.285714285714286,1.02564102564103,0.102564102564103,Video 6
723,29:31:00,30:12:00,1771,1812,41,9,35,0.257142857142857,0.975609756097561,0.0975609756097561,Video 6
724,29:34:00,30:15:00,1774,1815,41,10,35,0.285714285714286,0.975609756097561,0.0975609756097561,Video 6
725,30:56:00,31:17:00,1856,1877,21,9,35,0.257142857142857,1.9047619047619,0.19047619047619,Video 6
726,30:57:00,31:27:00,1857,1887,30,10,35,0.285714285714286,1.33333333333333,0.133333333333333,Video 6
727,31:00:00,31:25:00,1860,1885,25,9,35,0.257142857142857,1.6,0.16,Video 6
728,31:00:00,31:30:00,1860,1890,30,9,35,0.257142857142857,1.33333333333333,0.133333333333333,Video 6
729,31:04:00,31:27:00,1864,1887,23,9,35,0.257142857142857,1.73913043478261,0.173913043478261,Video 6
730,31:04:00,31:32:00,1864,1892,28,9,35,0.257142857142857,1.42857142857143,0.142857142857143,Video 6
731,31:07:00,31:32:00,1867,1892,25,10,35,0.285714285714286,1.6,0.16,Video 6
732,31:14:00,31:35:00,1874,1895,21,11,35,0.314285714285714,1.9047619047619,0.19047619047619,Video 6
733,31:18:00,31:38:00,1878,1898,20,11,35,0.314285714285714,2,0.2,Video 6
734,34:36:00,35:40:00,2076,2140,64,15,35,0.428571428571429,0.625,0.0625,Video 6
735,34:43:00,35:29:00,2083,2129,46,15,35,0.428571428571429,0.869565217391304,0.0869565217391304,Video 6
736,34:49:00,35:32:00,2089,2132,43,17,35,0.485714285714286,0.930232558139535,0.0930232558139535,Video 6
737,34:51:00,35:16:00,2091,2116,25,18,35,0.514285714285714,1.6,0.16,Video 6
738,34:55:00,35:36:00,2095,2136,41,18,35,0.514285714285714,0.975609756097561,0.0975609756097561,Video 6
739,36:34:00,36:56:00,2194,2216,22,8,35,0.228571428571429,1.81818181818182,0.181818181818182,Video 6
740,36:35:00,37:07:00,2195,2227,32,9,35,0.257142857142857,1.25,0.125,Video 6
741,36:37:00,36:55:00,2197,2215,18,9,35,0.257142857142857,2.22222222222222,0.222222222222222,Video 6
742,36:38:00,37:13:00,2198,2233,35,10,35,0.285714285714286,1.14285714285714,0.114285714285714,Video 6
743,36:42:00,37:18:00,2202,2238,36,9,35,0.257142857142857,1.11111111111111,0.111111111111111,Video 6
744,36:43:00,37:07:00,2203,2227,24,11,35,0.314285714285714,1.66666666666667,0.166666666666667,Video 6
745,36:44:00,37:25:00,2204,2245,41,10,35,0.285714285714286,0.975609756097561,0.0975609756097561,Video 6
746,36:46:00,37:03:00,2206,2223,17,10,35,0.285714285714286,2.35294117647059,0.235294117647059,Video 6
747,36:48:00,37:26:00,2208,2246,38,11,35,0.314285714285714,1.05263157894737,0.105263157894737,Video 6
748,36:52:00,37:30:00,2212,2250,38,12,35,0.342857142857143,1.05263157894737,0.105263157894737,Video 6
749,36:53:00,37:19:00,2213,2239,26,12,35,0.342857142857143,1.53846153846154,0.153846153846154,Video 6
750,37:25:00,37:49:00,2245,2269,24,13,35,0.371428571428571,1.66666666666667,0.166666666666667,Video 6
