Nomer,T-in (mm.ss),T-out (mm.ss),T-in (s),T-out (s),Î”T (s),Volume,VMax,Kepadatan,Kecepatan,Kecepatan Normalisasi,Hambatan Kendaraan Menyebrang,Hambatan Kendaraan Besar,Hambatan Kendaraan Berhenti Pada Sisi Jalan,Total Hambatan
1,0:02,0:21,2,16,14,3,35,0.0857142857142857,2.85714285714286,0.357142857142857,0,0,0,0
2,0:04,0:16,6,16,10,4,35,0.114285714285714,4,0.5,0,0,0,0
3,0:06,0:21,6,21,15,5,35,0.142857142857143,2.66666666666667,0.333333333333333,0,0,0,0
4,0:09,0:25,9,24,15,4,35,0.114285714285714,2.66666666666667,0.333333333333333,0,0,0,0
5,0:10,0:22,10,22,12,7,35,0.2,3.33333333333333,0.416666666666667,1,1,0,2
6,0:12,0:27,12,27,15,7,35,0.2,2.66666666666667,0.333333333333333,0,1,0,1
7,0:15,0:29,15,29,14,7,35,0.2,2.85714285714286,0.357142857142857,0,2,0,2
8,0:17,0:31,17,31,14,6,35,0.171428571428571,2.85714285714286,0.357142857142857,0,2,0,2
9,0:21,0:34,21,34,13,6,35,0.171428571428571,3.07692307692308,0.384615384615385,0,1,0,1
10,0:21,0:37,21,37,16,7,35,0.2,2.5,0.3125,0,1,0,1
11,0:23,0:36,23,36,13,7,35,0.2,3.07692307692308,0.384615384615385,0,1,0,1
12,0:25,0:38,25,37,12,7,35,0.2,3.33333333333333,0.416666666666667,0,1,0,1
13,0:30,0:51,30,48,18,7,35,0.2,2.22222222222222,0.277777777777778,0,0,0,0
14,0:33,0:50,33,50,17,6,35,0.171428571428571,2.35294117647059,0.294117647058824,0,0,0,0
15,0:38,0:53,38,53,15,5,35,0.142857142857143,2.66666666666667,0.333333333333333,0,0,0,0
16,0:40,0:51,40,51,11,6,35,0.171428571428571,3.63636363636364,0.454545454545455,0,0,0,0
17,0:42,0:55,42,55,13,6,35,0.171428571428571,3.07692307692308,0.384615384615385,1,0,0,1
18,0:43,0:58,43,58,15,6,35,0.171428571428571,2.66666666666667,0.333333333333333,1,1,0,2
19,0:46,1:00,46,60,14,6,35,0.171428571428571,2.85714285714286,0.357142857142857,0,1,0,1
20,0:49,1:03,49,63,14,7,35,0.2,2.85714285714286,0.357142857142857,0,2,0,2
21,0:52,1:05,52,65,13,6,35,0.171428571428571,3.07692307692308,0.384615384615385,0,3,0,3
22,0:54,1:10,54,69,15,6,35,0.171428571428571,2.66666666666667,0.333333333333333,0,3,0,3
23,0:57,1:12,57,72,15,6,35,0.171428571428571,2.66666666666667,0.333333333333333,1,2,0,3
24,1:00,1:15,60,75,15,6,35,0.171428571428571,2.66666666666667,0.333333333333333,0,2,0,2
25,1:04,1:26,64,86,22,5,35,0.142857142857143,1.81818181818182,0.227272727272727,0,2,0,2
26,1:14,1:29,74,89,15,4,35,0.114285714285714,2.66666666666667,0.333333333333333,1,1,0,2
27,1:16,1:31,76,91,15,3,35,0.0857142857142857,2.66666666666667,0.333333333333333,1,1,0,2
28,1:20,1:34,80,94,14,4,35,0.114285714285714,2.85714285714286,0.357142857142857,0,1,0,1
29,1:24,1:38,84,98,14,5,35,0.142857142857143,2.85714285714286,0.357142857142857,0,1,0,1
30,1:28,1:40,88,100,12,6,35,0.171428571428571,3.33333333333333,0.416666666666667,0,1,0,1
31,1:31,1:43,91,102,11,6,35,0.171428571428571,3.63636363636364,0.454545454545455,0,1,0,1
32,1:34,1:48,94,108,14,5,35,0.142857142857143,2.85714285714286,0.357142857142857,0,1,0,1
33,1:40,1:50,100,110,10,4,35,0.114285714285714,4,0.5,0,0,0,0
34,1:43,1:53,103,113,10,3,35,0.0857142857142857,4,0.5,0,0,0,0
35,1:46,1:55,106,115,9,4,35,0.114285714285714,4.44444444444445,0.555555555555556,0,0,0,0
36,1:49,1:59,109,118,9,5,35,0.142857142857143,4.44444444444445,0.555555555555556,0,0,0,0
37,1:52,2:06,112,125,13,6,35,0.171428571428571,3.07692307692308,0.384615384615385,0,0,0,0
38,1:57,2:09,117,128,11,4,35,0.114285714285714,3.63636363636364,0.454545454545455,1,0,0,1
39,1:59,2:11,119,131,12,4,35,0.114285714285714,3.33333333333333,0.416666666666667,1,0,0,1
40,2:07,2:16,127,136,9,4,35,0.114285714285714,4.44444444444445,0.555555555555556,0,0,0,0
41,2:11,2:20,131,140,9,4,35,0.114285714285714,4.44444444444445,0.555555555555556,0,0,0,0
42,2:15,2:25,135,145,10,4,35,0.114285714285714,4,0.5,0,0,0,0
43,2:15,2:24,135,144,9,4,35,0.114285714285714,4.44444444444445,0.555555555555556,0,0,0,0
44,2:20,2:30,140,149,9,3,35,0.0857142857142857,4.44444444444445,0.555555555555556,0,0,0,0
45,2:25,2:34,145,154,9,2,35,0.0571428571428571,4.44444444444445,0.555555555555556,0,0,0,0
46,2:27,2:37,147,157,10,3,35,0.0857142857142857,4,0.5,0,0,0,0
47,2:29,2:40,149,160,11,4,35,0.114285714285714,3.63636363636364,0.454545454545455,0,0,0,0
48,2:31,2:42,151,162,11,4,35,0.114285714285714,3.63636363636364,0.454545454545455,0,0,0,0
49,2:33,2:47,153,167,14,4,35,0.114285714285714,2.85714285714286,0.357142857142857,0,0,0,0
50,2:35,2:44,155,164,9,4,35,0.114285714285714,4.44444444444445,0.555555555555556,0,0,0,0
51,2:37,2:51,157,171,14,5,35,0.142857142857143,2.85714285714286,0.357142857142857,0,0,0,0
52,2:39,2:54,159,174,15,5,35,0.142857142857143,2.66666666666667,0.333333333333333,0,0,0,0
53,2:43,2:59,163,178,15,4,35,0.114285714285714,2.66666666666667,0.333333333333333,0,0,0,0
54,2:46,3:00,166,180,14,4,35,0.114285714285714,2.85714285714286,0.357142857142857,0,0,0,0
55,2:48,3:03,168,183,15,4,35,0.114285714285714,2.66666666666667,0.333333333333333,0,0,0,0
56,2:50,3:05,170,185,15,5,35,0.142857142857143,2.66666666666667,0.333333333333333,1,0,0,1
57,2:51,3:03,171,183,12,5,35,0.142857142857143,3.33333333333333,0.416666666666667,1,0,0,1
58,3:10,3:18,190,198,8,1,35,0.0285714285714286,5,0.625,0,0,0,0
59,3:39,3:44,219,224,5,0,35,0,8,1,0,0,0,0
60,3:55,4:20,235,260,25,0,35,0,1.6,0.2,0,0,0,0
61,3:57,4:07,237,247,10,1,35,0.0285714285714286,4,0.5,1,0,0,1
62,4:11,4:21,251,261,10,3,35,0.0857142857142857,4,0.5,0,0,0,0
63,4:13,4:24,253,264,11,3,35,0.0857142857142857,3.63636363636364,0.454545454545455,0,0,0,0
64,4:16,4:26,256,266,10,4,35,0.114285714285714,4,0.5,0,0,0,0
65,4:18,4:29,258,269,11,5,35,0.142857142857143,3.63636363636364,0.454545454545455,0,0,0,0
66,4:21,4:31,261,271,10,5,35,0.142857142857143,4,0.5,0,0,0,0
67,4:23,4:33,263,273,10,6,35,0.171428571428571,4,0.5,0,0,0,0
68,4:25,4:35,265,275,10,6,35,0.171428571428571,4,0.5,0,0,0,0
69,4:25,4:35,265,275,10,6,35,0.171428571428571,4,0.5,0,0,0,0
70,4:28,4:39,268,279,11,7,35,0.2,3.63636363636364,0.454545454545455,0,0,0,0
71,4:31,4:42,271,282,11,6,35,0.171428571428571,3.63636363636364,0.454545454545455,0,1,0,1
72,4:32,4:42,272,282,10,6,35,0.171428571428571,4,0.5,0,1,0,1
73,4:34,4:42,274,282,8,6,35,0.171428571428571,5,0.625,0,1,0,1
74,4:36,4:46,276,286,10,5,35,0.142857142857143,4,0.5,0,1,0,1
75,4:39,4:49,279,289,10,5,35,0.142857142857143,4,0.5,0,0,0,0
76,4:42,4:52,282,292,10,6,35,0.171428571428571,4,0.5,0,0,0,0
77,4:45,4:54,285,294,9,5,35,0.142857142857143,4.44444444444445,0.555555555555556,0,0,0,0
78,4:47,4:56,287,296,9,5,35,0.142857142857143,4.44444444444445,0.555555555555556,0,0,0,0
79,4:49,4:59,289,299,10,4,35,0.114285714285714,4,0.5,0,0,0,0
80,4:52,5:01,292,301,9,3,35,0.0857142857142857,4.44444444444445,0.555555555555556,0,0,0,0
81,4:54,5:04,294,304,10,3,35,0.0857142857142857,4,0.5,0,0,0,0
82,4:57,5:07,297,307,10,3,35,0.0857142857142857,4,0.5,0,0,0,0
83,4:59,5:09,299,309,10,3,35,0.0857142857142857,4,0.5,0,0,0,0
84,5:00,5:10,300,310,10,4,35,0.114285714285714,4,0.5,0,0,0,0
85,5:00,5:14,300,314,14,4,35,0.114285714285714,2.85714285714286,0.357142857142857,0,0,0,0
86,5:04,5:17,304,317,13,4,35,0.114285714285714,3.07692307692308,0.384615384615385,0,0,0,0
87,5:07,5:18,307,318,11,5,35,0.142857142857143,3.63636363636364,0.454545454545455,0,0,0,0
88,5:10,5:25,310,325,15,4,35,0.114285714285714,2.66666666666667,0.333333333333333,0,0,0,0
89,5:11,5:21,311,321,10,5,35,0.142857142857143,4,0.5,0,0,0,0
90,5:13,5:24,313,324,11,6,35,0.171428571428571,3.63636363636364,0.454545454545455,0,0,0,0
91,5:15,5:27,315,327,12,6,35,0.171428571428571,3.33333333333333,0.416666666666667,0,0,0,0
92,5:18,5:29,318,329,11,6,35,0.171428571428571,3.63636363636364,0.454545454545455,0,0,0,0
93,5:21,5:33,321,333,12,6,35,0.171428571428571,3.33333333333333,0.416666666666667,0,0,0,0
94,5:24,5:37,324,337,13,4,35,0.114285714285714,3.07692307692308,0.384615384615385,0,0,0,0
95,5:27,5:43,327,343,16,3,35,0.0857142857142857,2.5,0.3125,0,0,0,0
96,5:29,5:45,329,345,16,4,35,0.114285714285714,2.5,0.3125,0,0,0,0
97,5:33,5:47,333,347,14,5,35,0.142857142857143,2.85714285714286,0.357142857142857,1,0,0,1
98,5:34,5:43,334,343,9,5,35,0.142857142857143,4.44444444444445,0.555555555555556,1,0,0,1
99,5:36,5:51,336,351,15,5,35,0.142857142857143,2.66666666666667,0.333333333333333,0,0,0,0
100,5:38,5:50,338,350,12,6,35,0.171428571428571,3.33333333333333,0.416666666666667,0,0,0,0
101,5:41,5:55,341,355,14,8,35,0.228571428571429,2.85714285714286,0.357142857142857,0,0,0,0
102,5:43,5:57,343,357,14,7,35,0.2,2.85714285714286,0.357142857142857,0,0,0,0
103,5:46,6:00,346,360,14,7,35,0.2,2.85714285714286,0.357142857142857,0,0,0,0
104,5:48,6:03,348,363,15,6,35,0.171428571428571,2.66666666666667,0.333333333333333,0,0,0,0
105,5:50,6:05,350,365,15,8,35,0.228571428571429,2.66666666666667,0.333333333333333,0,0,0,0
106,5:52,6:04,352,364,12,8,35,0.228571428571429,3.33333333333333,0.416666666666667,0,0,0,0
107,5:55,6:10,355,370,15,8,35,0.228571428571429,2.66666666666667,0.333333333333333,0,0,0,0
108,6:04,6:17,364,377,13,5,35,0.142857142857143,3.07692307692308,0.384615384615385,0,0,0,0
109,6:07,6:21,367,381,14,3,35,0.0857142857142857,2.85714285714286,0.357142857142857,0,0,0,0
110,6:10,6:23,370,383,13,4,35,0.114285714285714,3.07692307692308,0.384615384615385,0,0,0,0
111,6:14,6:30,374,390,16,6,35,0.171428571428571,2.5,0.3125,1,0,0,1
112,6:21,6:36,381,396,15,5,35,0.142857142857143,2.66666666666667,0.333333333333333,0,0,0,0
113,6:23,6:45,383,405,22,6,35,0.171428571428571,1.81818181818182,0.227272727272727,0,0,0,0
114,6:24,6:40,384,400,16,7,35,0.2,2.5,0.3125,0,0,0,0
115,6:26,6:50,386,410,24,8,35,0.228571428571429,1.66666666666667,0.208333333333333,0,0,0,0
116,6:31,6:46,392,406,14,8,35,0.228571428571429,2.85714285714286,0.357142857142857,0,0,0,0
117,6:34,6:54,394,414,20,7,35,0.2,2,0.25,0,0,0,0
118,6:38,6:57,398,417,19,7,35,0.2,2.10526315789474,0.263157894736842,0,0,0,0
119,6:41,7:02,401,422,21,5,35,0.142857142857143,1.9047619047619,0.238095238095238,0,0,0,0
120,6:42,7:05,402,425,23,7,35,0.2,1.73913043478261,0.217391304347826,0,0,0,0
121,6:45,7:07,405,427,22,7,35,0.2,1.81818181818182,0.227272727272727,0,0,0,0
122,6:48,7:11,408,431,23,6,35,0.171428571428571,1.73913043478261,0.217391304347826,1,0,0,1
123,6:55,7:13,415,433,18,7,35,0.2,2.22222222222222,0.277777777777778,1,0,0,1
124,7:00,7:15,420,435,15,8,35,0.228571428571429,2.66666666666667,0.333333333333333,0,0,0,0
125,7:02,7:16,422,436,14,7,35,0.2,2.85714285714286,0.357142857142857,0,0,0,0
126,7:05,7:20,425,440,15,7,35,0.2,2.66666666666667,0.333333333333333,0,0,0,0
127,7:06,7:23,426,443,17,6,35,0.171428571428571,2.35294117647059,0.294117647058824,0,0,0,0
128,7:12,7:22,432,442,10,10,35,0.285714285714286,4,0.5,0,0,0,0
129,7:13,7:49,433,469,36,10,35,0.285714285714286,1.11111111111111,0.138888888888889,0,0,0,0
130,7:15,7:26,435,446,11,9,35,0.257142857142857,3.63636363636364,0.454545454545455,0,0,0,0
131,7:15,7:28,435,448,13,9,35,0.257142857142857,3.07692307692308,0.384615384615385,0,0,0,0
132,7:17,7:28,437,448,11,9,35,0.257142857142857,3.63636363636364,0.454545454545455,0,1,0,1
133,7:19,7:31,439,451,12,9,35,0.257142857142857,3.33333333333333,0.416666666666667,0,1,0,1
134,7:20,7:37,440,457,17,8,35,0.228571428571429,2.35294117647059,0.294117647058824,0,1,0,1
135,7:23,7:39,443,459,16,6,35,0.171428571428571,2.5,0.3125,0,1,0,1
136,7:25,7:41,445,461,16,6,35,0.171428571428571,2.5,0.3125,0,1,0,1
137,7:27,7:48,447,468,21,7,35,0.2,1.9047619047619,0.238095238095238,1,1,0,2
138,7:28,7:46,448,466,18,8,35,0.228571428571429,2.22222222222222,0.277777777777778,1,1,0,2
139,7:47,7:52,467,472,5,0,35,0,8,1,0,1,0,1
140,7:47,7:55,467,475,8,0,35,0,5,0.625,0,1,0,1
141,7:49,7:58,469,478,9,2,35,0.0571428571428571,4.44444444444445,0.555555555555556,0,1,0,1
142,7:52,7:59,472,479,7,3,35,0.0857142857142857,5.71428571428571,0.714285714285714,0,1,0,1
143,7:53,8:08,473,488,15,3,35,0.0857142857142857,2.66666666666667,0.333333333333333,0,1,0,1
144,7:55,8:05,475,485,10,4,35,0.114285714285714,4,0.5,0,1,0,1
145,7:56,8:07,476,487,11,4,35,0.114285714285714,3.63636363636364,0.454545454545455,0,0,0,0
146,7:59,8:08,479,488,9,4,35,0.114285714285714,4.44444444444445,spo,0,0,0,0
147,8:01,8:11,481,491,10,4,35,0.114285714285714,4,0.5,0,0,0,0
148,8:03,8:11,483,491,8,4,35,0.114285714285714,5,0.625,0,0,0,0
149,8:05,8:13,485,493,8,5,35,0.142857142857143,5,0.625,0,0,0,0
150,8:07,8:15,487,495,8,5,35,0.142857142857143,5,0.625,0,0,0,0
151,8:08,8:18,488,498,10,5,35,0.142857142857143,4,0.5,0,0,0,0
152,8:11,8:20,491,500,9,4,35,0.114285714285714,4.44444444444445,0.555555555555556,0,1,0,1
153,8:14,8:21,494,501,7,4,35,0.114285714285714,5.71428571428571,0.714285714285714,0,1,0,1
154,8:16,8:24,496,504,8,4,35,0.114285714285714,5,0.625,0,1,0,1
155,8:18,8:28,499,508,9,3,35,0.0857142857142857,4.44444444444445,0.555555555555556,0,0,0,0
156,8:26,8:33,506,513,7,1,35,0.0285714285714286,5.71428571428571,0.714285714285714,0,0,0,0
157,8:29,8:36,509,516,7,1,35,0.0285714285714286,5.71428571428571,0.714285714285714,0,0,0,0
158,8:35,8:42,515,522,7,1,35,0.0285714285714286,5.71428571428571,0.714285714285714,0,0,0,0
159,8:38,8:46,518,526,8,1,35,0.0285714285714286,5,0.625,0,0,0,0
160,8:40,8:49,520,529,9,2,35,0.0571428571428571,4.44444444444445,0.555555555555556,0,1,0,1
161,8:43,8:52,523,532,9,4,35,0.114285714285714,4.44444444444445,0.555555555555556,0,1,0,1
162,8:45,8:56,525,536,11,4,35,0.114285714285714,3.63636363636364,0.454545454545455,0,1,0,1
163,8:50,8:59,530,539,9,3,35,0.0857142857142857,4.44444444444445,0.555555555555556,0,1,0,1
164,8:51,9:01,532,541,9,3,35,0.0857142857142857,4.44444444444445,0.555555555555556,0,1,0,1
165,8:56,9:04,536,544,6,3,35,0.0857142857142857,6.66666666666667,0.833333333333333,0,0,0,0
166,9:10,9:17,550,557,7,1,35,0.0285714285714286,5.71428571428571,0.714285714285714,0,0,0,0
167,9:13,9:19,553,559,6,2,35,0.0571428571428571,6.66666666666667,0.833333333333333,0,0,0,0
168,9:30,9:36,570,576,6,1,35,0.0285714285714286,6.66666666666667,0.833333333333333,0,0,0,0
169,9:34,9:40,574,580,6,2,35,0.0571428571428571,6.66666666666667,0.833333333333333,0,0,0,0
170,9:36,9:42,576,582,6,2,35,0.0571428571428571,6.66666666666667,0.833333333333333,0,0,0,0
171,9:40,9:46,580,586,6,2,35,0.0571428571428571,6.66666666666667,0.833333333333333,0,1,0,1
172,9:42,9:48,582,588,6,2,35,0.0571428571428571,6.66666666666667,0.833333333333333,0,1,0,1
173,9:44,9:50,584,590,6,2,35,0.0571428571428571,6.66666666666667,0.833333333333333,0,1,0,1
174,9:46,9:52,586,592,6,3,35,0.0857142857142857,6.66666666666667,0.833333333333333,0,1,0,1
175,9:47,9:54,588,594,6,3,35,0.0857142857142857,6.66666666666667,0.833333333333333,0,0,0,0
176,9:48,9:55,589,595,6,3,35,0.0857142857142857,6.66666666666667,0.833333333333333,0,0,0,0
177,9:51,9:58,592,598,6,3,35,0.0857142857142857,6.66666666666667,0.833333333333333,0,0,0,0
178,9:53,9:59,594,599,5,3,35,0.0857142857142857,8,1,0,0,0,0
179,9:57,10:04,597,604,7,3,35,0.0857142857142857,5.71428571428571,0.714285714285714,0,0,0,0
180,10:03,10:14,603,614,11,1,35,0.0285714285714286,3.63636363636364,0.454545454545455,0,0,0,0
181,10:04,10:12,605,612,7,1,35,0.0285714285714286,5.71428571428571,0.714285714285714,0,0,0,0
182,10:07,10:15,608,615,7,2,35,0.0571428571428571,5.71428571428571,0.714285714285714,0,0,0,0
183,10:09,10:17,610,617,7,3,35,0.0857142857142857,5.71428571428571,0.714285714285714,0,0,0,0
184,10:12,10:21,612,621,9,3,35,0.0857142857142857,4.44444444444445,0.555555555555556,0,0,0,0
185,10:18,10:24,618,624,6,1,35,0.0285714285714286,6.66666666666667,0.833333333333333,0,1,0,1
186,10:19,10:27,620,627,7,2,35,0.0571428571428571,5.71428571428571,0.714285714285714,0,1,0,1
187,10:23,10:30,623,630,7,2,35,0.0571428571428571,5.71428571428571,0.714285714285714,0,1,0,1
188,10:26,10:33,626,633,7,3,35,0.0857142857142857,5.71428571428571,0.714285714285714,0,0,0,0
189,10:29,10:36,629,636,7,2,35,0.0571428571428571,5.71428571428571,0.714285714285714,0,0,0,0
190,10:31,10:38,632,638,6,2,35,0.0571428571428571,6.66666666666667,0.833333333333333,0,0,0,0
191,10:34,10:42,634,642,8,2,35,0.0571428571428571,5,0.625,0,0,0,0
192,10:38,10:50,638,650,12,3,35,0.0857142857142857,3.33333333333333,0.416666666666667,1,0,0,1
193,10:42,10:55,642,655,13,5,35,0.142857142857143,3.07692307692308,0.384615384615385,0,1,0,1
194,10:45,10:57,645,657,12,5,35,0.142857142857143,3.33333333333333,0.416666666666667,0,1,0,1
195,10:48,11:00,648,660,12,6,35,0.171428571428571,3.33333333333333,0.416666666666667,0,1,0,1
196,10:50,11:02,650,662,12,5,35,0.142857142857143,3.33333333333333,0.416666666666667,0,1,0,1
197,10:52,11:08,652,668,16,5,35,0.142857142857143,2.5,0.3125,0,1,0,1
198,10:53,11:05,653,665,12,6,35,0.171428571428571,3.33333333333333,0.416666666666667,0,1,0,1
199,10:54,11:06,654,666,12,7,35,0.2,3.33333333333333,0.416666666666667,0,1,0,1
200,10:57,11:16,657,676,19,6,35,0.171428571428571,2.10526315789474,0.263157894736842,0,0,0,0
201,10:57,11:10,657,670,13,6,35,0.171428571428571,3.07692307692308,0.384615384615385,0,0,0,0
202,11:02,11:20,662,680,18,9,35,0.257142857142857,2.22222222222222,0.277777777777778,0,0,0,0
203,11:05,11:23,665,683,18,9,35,0.257142857142857,2.22222222222222,0.277777777777778,0,0,0,0
204,11:07,11:20,667,680,13,10,35,0.285714285714286,3.07692307692308,0.384615384615385,1,0,0,1
205,11:11,11:25,671,685,14,8,35,0.228571428571429,2.85714285714286,0.357142857142857,1,0,0,1
206,11:12,11:22,672,682,10,8,35,0.228571428571429,4,0.5,1,0,0,1
207,11:19,11:29,679,689,10,6,35,0.171428571428571,4,0.5,0,0,0,0
208,11:25,11:31,684,691,7,3,35,0.0857142857142857,5.71428571428571,0.714285714285714,0,0,0,0
209,11:30,11:36,690,696,6,2,35,0.0571428571428571,6.66666666666667,0.833333333333333,0,0,0,0
210,11:33,11:39,693,699,6,2,35,0.0571428571428571,6.66666666666667,0.833333333333333,0,0,0,0
211,11:37,11:47,697,707,10,1,35,0.0285714285714286,4,0.5,0,0,0,0
212,11:40,11:47,700,707,7,1,35,0.0285714285714286,5.71428571428571,0.714285714285714,0,0,0,0
213,11:41,11:54,701,714,13,2,35,0.0571428571428571,3.07692307692308,0.384615384615385,0,0,0,0
214,11:52,12:00,712,720,8,1,35,0.0285714285714286,5,0.625,0,0,0,0
215,11:54,12:03,714,723,9,1,35,0.0285714285714286,4.44444444444445,0.555555555555556,0,0,0,0
216,11:56,12:04,716,724,8,3,35,0.0857142857142857,5,0.625,0,0,0,0
217,12:03,12:15,723,735,12,2,35,0.0571428571428571,3.33333333333333,0.416666666666667,2,0,0,2
218,12:05,12:16,725,736,11,2,35,0.0571428571428571,3.63636363636364,0.454545454545455,2,0,0,2
219,12:07,12:18,727,738,11,3,35,0.0857142857142857,3.63636363636364,0.454545454545455,2,0,0,2
220,12:12,12:25,732,745,13,4,35,0.114285714285714,3.07692307692308,0.384615384615385,0,0,0,0
221,12:15,12:29,735,749,14,5,35,0.142857142857143,2.85714285714286,0.357142857142857,0,0,0,0
222,12:18,12:36,738,756,18,3,35,0.0857142857142857,2.22222222222222,0.277777777777778,0,0,0,0
223,12:20,12:38,740,758,18,4,35,0.114285714285714,2.22222222222222,0.277777777777778,0,0,0,0
224,12:22,12:41,742,761,19,5,35,0.142857142857143,2.10526315789474,0.263157894736842,0,0,0,0
225,12:25,12:43,745,763,18,5,35,0.142857142857143,2.22222222222222,0.277777777777778,0,0,0,0
226,12:26,12:41,746,761,15,6,35,0.171428571428571,2.66666666666667,0.333333333333333,0,0,0,0
227,12:28,12:48,748,768,20,7,35,0.2,2,0.25,1,0,0,1
228,12:32,12:52,752,772,20,7,35,0.2,2,0.25,1,0,0,1
229,12:39,12:55,759,775,16,7,35,0.2,2.5,0.3125,0,1,0,1
230,12:44,12:57,764,777,13,5,35,0.142857142857143,3.07692307692308,0.384615384615385,0,1,0,1
231,12:47,13:00,767,780,13,5,35,0.142857142857143,3.07692307692308,0.384615384615385,0,1,0,1
232,12:51,13:01,771,781,10,5,35,0.142857142857143,4,0.5,0,1,0,1
233,12:53,13:03,773,783,10,5,35,0.142857142857143,4,0.5,0,1,0,1
234,12:55,13:06,775,786,11,6,35,0.171428571428571,3.63636363636364,0.454545454545455,0,1,0,1
235,12:55,13:06,775,786,11,6,35,0.171428571428571,3.63636363636364,0.454545454545455,0,0,0,0
236,12:59,13:10,779,790,11,7,35,0.2,3.63636363636364,0.454545454545455,0,0,0,0
237,13:01,13:14,781,794,13,5,35,0.142857142857143,3.07692307692308,0.384615384615385,0,0,0,0
238,13:02,13:13,782,793,11,7,35,0.2,3.63636363636364,0.454545454545455,0,0,0,0
239,13:04,13:17,784,797,13,7,35,0.2,3.07692307692308,0.384615384615385,0,0,0,0
240,13:05,13:15,785,795,10,8,35,0.228571428571429,4,0.5,0,0,0,0
241,13:09,13:19,789,799,10,7,35,0.2,4,0.5,0,0,0,0
242,13:11,13:19,791,799,8,7,35,0.2,5,0.625,0,0,0,0
243,13:15,13:27,795,807,12,5,35,0.142857142857143,3.33333333333333,0.416666666666667,0,0,0,0
244,13:16,13:31,796,811,15,4,35,0.114285714285714,2.66666666666667,0.333333333333333,0,0,0,0
245,13:17,13:35,797,815,18,4,35,0.114285714285714,2.22222222222222,0.277777777777778,0,0,0,0
246,13:18,13:39,798,819,21,5,35,0.142857142857143,1.9047619047619,0.238095238095238,0,0,0,0
247,13:21,13:41,801,821,20,6,35,0.171428571428571,2,0.25,0,1,0,1
248,13:23,13:44,803,824,21,7,35,0.2,1.9047619047619,0.238095238095238,0,1,0,1
249,13:27,13:36,807,816,9,8,35,0.228571428571429,4.44444444444445,0.555555555555556,0,1,0,1
250,13:28,13:51,808,831,23,8,35,0.228571428571429,1.73913043478261,0.217391304347826,0,1,0,1
251,00:04,00:50,4,50,46,16,35,0.457142857142857,0.869565217391304,0.108695652173913,0,1,0,1
252,00:35,01:00,35,60,25,11,35,0.314285714285714,1.6,0.2,0,1,0,1
253,00:35,01:01,35,61,26,11,35,0.314285714285714,1.53846153846154,0.192307692307692,0,1,0,1
254,00:38,01:06,38,66,28,9,35,0.257142857142857,1.42857142857143,0.178571428571429,0,1,0,1
255,00:43,01:22,43,82,39,9,35,0.257142857142857,1.02564102564103,0.128205128205128,0,2,0,2
256,00:44,01:15,44,75,31,11,35,0.314285714285714,1.29032258064516,0.161290322580645,0,2,0,2
257,00:49,01:22,49,82,33,13,35,0.371428571428571,1.21212121212121,0.151515151515152,1,2,0,3
258,00:51,01:30,51,100,49,13,35,0.371428571428571,0.816326530612245,0.102040816326531,1,2,0,3
259,00:54,01:37,54,103,49,12,35,0.342857142857143,0.816326530612245,0.102040816326531,1,3,0,4
260,00:56,02:12,56,132,76,11,35,0.314285714285714,0.526315789473684,0.0657894736842105,1,3,0,4
261,01:02,02:40,62,160,98,10,35,0.285714285714286,0.408163265306122,0.0510204081632653,1,2,0,3
262,01:04,02:53,64,173,109,11,35,0.314285714285714,0.36697247706422,0.0458715596330275,0,2,0,2
263,01:08,01:42,68,82,14,10,35,0.285714285714286,2.85714285714286,0.357142857142857,0,3,0,3
264,01:10,02:59,70,179,109,11,35,0.314285714285714,0.36697247706422,0.0458715596330275,0,3,0,3
265,01:16,01:51,76,111,35,13,35,0.371428571428571,1.14285714285714,0.142857142857143,0,4,0,4
266,01:20,02:05,80,125,45,12,35,0.342857142857143,0.888888888888889,0.111111111111111,0,4,0,4
267,01:24,02:35,84,135,51,14,35,0.4,0.784313725490196,0.0980392156862745,0,5,0,5
268,01:41,02:53,101,173,72,12,35,0.342857142857143,0.555555555555556,0.0694444444444445,0,3,0,3
269,01:41,03:04,101,184,83,12,35,0.342857142857143,0.481927710843374,0.0602409638554217,0,3,0,3
270,01:47,02:57,107,177,70,14,35,0.4,0.571428571428571,0.0714285714285714,0,3,0,3
271,01:49,03:10,109,190,81,14,35,0.4,0.493827160493827,0.0617283950617284,0,3,0,3
272,01:53,03:01,113,181,68,15,35,0.428571428571429,0.588235294117647,0.0735294117647059,0,3,0,3
273,02:00,03:43,120,223,103,15,35,0.428571428571429,0.388349514563107,0.0485436893203884,0,4,0,4
274,02:01,03:08,121,188,67,15,35,0.428571428571429,0.597014925373134,0.0746268656716418,0,5,0,5
275,02:27,03:13,147,193,46,16,35,0.457142857142857,0.869565217391304,0.108695652173913,0,5,0,5
276,02:32,03:16,152,196,44,17,35,0.485714285714286,0.909090909090909,0.113636363636364,0,5,0,5
277,02:33,03:17,153,197,44,17,35,0.485714285714286,0.909090909090909,0.113636363636364,1,5,0,6
278,03:00,03:20,180,200,20,13,35,0.371428571428571,2,0.25,2,2,0,4
279,03:01,03:24,181,204,23,11,35,0.314285714285714,1.73913043478261,0.217391304347826,2,2,0,4
280,03:04,03:28,184,208,24,10,35,0.285714285714286,1.66666666666667,0.208333333333333,2,2,0,4
281,03:06,3:25,186,205,19,11,35,0.314285714285714,2.10526315789474,0.263157894736842,0,2,0,2
282,3:10,3:33,190,213,23,10,35,0.285714285714286,1.73913043478261,0.217391304347826,0,0,0,0
283,3:10,3:33,190,213,23,10,35,0.285714285714286,1.73913043478261,0.217391304347826,0,1,0,1
284,3:16,3:44,196,224,28,9,35,0.257142857142857,1.42857142857143,0.178571428571429,0,0,0,0
285,3:16,3:42,196,222,26,9,35,0.257142857142857,1.53846153846154,0.192307692307692,0,0,0,0
286,3:20,3:45,200,225,25,11,35,0.314285714285714,1.6,0.2,0,0,0,0
287,3:21,3:48,201,228,27,11,35,0.314285714285714,1.48148148148148,0.185185185185185,0,0,0,0
288,3:25,3:50,205,230,25,11,35,0.314285714285714,1.6,0.2,0,0,0,0
289,3:27,3:51,207,231,24,11,35,0.314285714285714,1.66666666666667,0.208333333333333,0,0,0,0
290,3:29,3:52,209,232,23,10,35,0.285714285714286,1.73913043478261,0.217391304347826,0,0,0,0
291,3:33,3:55,213,235,22,11,35,0.314285714285714,1.81818181818182,0.227272727272727,0,0,0,0
292,3:34,4:00,214,240,26,12,35,0.342857142857143,1.53846153846154,0.192307692307692,0,0,0,0
293,3:38,4:01,218,241,23,13,35,0.371428571428571,1.73913043478261,0.217391304347826,0,0,0,0
294,3:39,4:03,219,243,24,13,35,0.371428571428571,1.66666666666667,0.208333333333333,0,0,0,0
295,3:42,4:07,222,247,25,13,35,0.371428571428571,1.6,0.2,0,1,0,1
296,3:43,4:03,223,243,20,13,35,0.371428571428571,2,0.25,0,1,0,1
297,3:48,4:18,228,258,30,11,35,0.314285714285714,1.33333333333333,0.166666666666667,0,1,0,1
298,3:50,4:14,230,254,24,10,35,0.285714285714286,1.66666666666667,0.208333333333333,0,1,0,1
299,3:52,4:12,232,252,20,10,35,0.285714285714286,2,0.25,2,1,0,3
300,3:56,4:18,236,258,22,10,35,0.285714285714286,1.81818181818182,0.227272727272727,2,1,0,3
301,4:00,4:21,240,261,21,11,35,0.314285714285714,1.9047619047619,0.238095238095238,0,1,0,1
302,4:04,4:30,244,270,26,11,35,0.314285714285714,1.53846153846154,0.192307692307692,1,0,0,1
303,4:04,4:44,244,284,40,11,35,0.314285714285714,1,0.125,1,0,0,1
304,4:08,4:33,248,273,25,12,35,0.342857142857143,1.6,0.2,1,0,0,1
305,4:09,4:42,249,282,33,11,35,0.314285714285714,1.21212121212121,0.151515151515152,1,0,0,1
306,4:11,4:37,251,277,26,12,35,0.342857142857143,1.53846153846154,0.192307692307692,0,0,0,0
307,4:13,4:43,253,283,30,12,35,0.342857142857143,1.33333333333333,0.166666666666667,0,0,0,0
308,4:18,5:01,258,301,43,11,35,0.314285714285714,0.930232558139535,0.116279069767442,1,0,0,1
309,4:19,5:02,259,302,43,10,35,0.285714285714286,0.930232558139535,0.116279069767442,4,0,0,4
310,4:26,4:49,266,289,23,13,35,0.371428571428571,1.73913043478261,0.217391304347826,4,0,0,4
311,4:26,4:53,266,293,27,13,35,0.371428571428571,1.48148148148148,0.185185185185185,2,0,0,2
312,4:30,4:53,270,293,23,13,35,0.371428571428571,1.73913043478261,0.217391304347826,1,0,0,1
313,4:30,4:58,270,298,28,13,35,0.371428571428571,1.42857142857143,0.178571428571429,1,0,0,1
314,4:33,4:59,273,299,26,15,35,0.428571428571429,1.53846153846154,0.192307692307692,1,0,0,1
315,4:36,4:57,276,297,21,14,35,0.4,1.9047619047619,0.238095238095238,0,0,0,0
316,4:42,5:07,282,307,25,14,35,0.4,1.6,0.2,4,0,0,4
317,4:44,5:09,288,309,21,13,35,0.371428571428571,1.9047619047619,0.238095238095238,0,0,0,0
318,4:46,5:11,286,311,25,14,35,0.4,1.6,0.2,0,0,0,0
319,4:49,5:13,289,313,24,13,35,0.371428571428571,1.66666666666667,0.208333333333333,0,0,0,0
320,4:50,5:17,290,317,27,14,35,0.4,1.48148148148148,0.185185185185185,0,0,0,0
321,4:55,5:19,295,319,24,10,35,0.285714285714286,1.66666666666667,0.208333333333333,1,1,0,2
322,4:57,5:23,297,323,26,12,35,0.342857142857143,1.53846153846154,0.192307692307692,1,0,0,1
323,5:00,5:20,300,320,20,12,35,0.342857142857143,2,0.25,0,1,0,1
324,5:02,5:29,302,329,27,12,35,0.342857142857143,1.48148148148148,0.185185185185185,0,1,0,1
325,5:04,5:25,304,325,21,13,35,0.371428571428571,1.9047619047619,0.238095238095238,0,1,0,1
326,5:08,5:38,308,338,30,12,35,0.342857142857143,1.33333333333333,0.166666666666667,0,1,0,1
327,5:10,5:35,310,335,25,11,35,0.314285714285714,1.6,0.2,0,0,0,0
328,5:12,5:46,312,346,34,12,35,0.342857142857143,1.17647058823529,0.147058823529412,0,0,0,0
329,5:13,5:42,313,342,29,12,35,0.342857142857143,1.37931034482759,0.172413793103448,0,0,0,0
330,5:14,6:05,314,365,51,14,35,0.4,0.784313725490196,0.0980392156862745,0,0,0,0
331,5:15,6:09,315,369,54,14,35,0.4,0.740740740740741,0.0925925925925926,0,0,0,0
332,5:20,6:07,320,367,47,14,35,0.4,0.851063829787234,0.106382978723404,0,0,0,0
333,5:20,6:16,320,376,56,14,35,0.4,0.714285714285714,0.0892857142857143,0,0,0,0
334,5:26,6:10,326,370,44,14,35,0.4,0.909090909090909,0.113636363636364,0,0,0,0
335,5:27,6:11,327,371,44,15,35,0.428571428571429,0.909090909090909,0.113636363636364,0,0,0,0
336,5:29,6:17,329,377,48,15,35,0.428571428571429,0.833333333333333,0.104166666666667,0,1,0,1
337,5:30,6:23,330,383,53,15,35,0.428571428571429,0.754716981132076,0.0943396226415094,0,1,0,1
338,5:33,6:22,333,382,49,16,35,0.457142857142857,0.816326530612245,0.102040816326531,0,1,0,1
339,5:34,6:26,334,386,52,16,35,0.457142857142857,0.769230769230769,0.0961538461538462,0,1,0,1
340,5:38,6:27,338,387,49,15,35,0.428571428571429,0.816326530612245,0.102040816326531,0,1,0,1
341,5:40,6:34,340,394,54,16,35,0.457142857142857,0.740740740740741,0.0925925925925926,0,1,0,1
342,5:44,6:32,344,392,48,16,35,0.457142857142857,0.833333333333333,0.104166666666667,0,1,0,1
343,5:45,6:39,345,399,54,15,35,0.428571428571429,0.740740740740741,0.0925925925925926,0,1,0,1
344,5:50,6:37,350,397,47,18,35,0.514285714285714,0.851063829787234,0.106382978723404,4,1,0,5
345,6:06,6:43,366,403,37,19,35,0.542857142857143,1.08108108108108,0.135135135135135,1,2,0,3
346,6:10,6:41,370,401,31,17,35,0.485714285714286,1.29032258064516,0.161290322580645,2,2,0,4
347,6:12,7:09,372,429,57,17,35,0.485714285714286,0.701754385964912,0.087719298245614,2,2,0,4
348,6:17,6:46,377,406,29,15,35,0.428571428571429,1.37931034482759,0.172413793103448,0,2,0,2
349,6:26,7:26,386,446,60,15,35,0.428571428571429,0.666666666666667,0.0833333333333333,0,1,0,1
350,6:28,7:29,388,449,61,13,35,0.371428571428571,0.655737704918033,0.0819672131147541,0,0,0,0
351,6:30,7:32,390,452,62,15,35,0.428571428571429,0.645161290322581,0.0806451612903226,0,0,0,0
352,6:32,7:30,392,450,58,15,35,0.428571428571429,0.689655172413793,0.0862068965517241,0,0,0,0
353,6:35,7:38,395,458,63,15,35,0.428571428571429,0.634920634920635,0.0793650793650794,0,0,0,0
354,6:36,7:34,396,454,58,15,35,0.428571428571429,0.689655172413793,0.0862068965517241,0,0,0,0
355,6:39,7:45,399,465,66,16,35,0.457142857142857,0.606060606060606,0.0757575757575758,0,0,0,0
356,6:40,7:36,400,456,56,16,35,0.457142857142857,0.714285714285714,0.0892857142857143,0,0,0,0
357,6:43,7:41,403,461,58,15,35,0.428571428571429,0.689655172413793,0.0862068965517241,0,1,0,1
358,6:43,7:48,403,468,65,15,35,0.428571428571429,0.615384615384615,0.0769230769230769,0,1,0,1
359,6:46,7:53,406,473,67,14,35,0.4,0.597014925373134,0.0746268656716418,0,2,0,2
360,6:48,7:50,408,470,62,14,35,0.4,0.645161290322581,0.0806451612903226,0,3,0,3
361,6:59,8:00,419,480,61,14,35,0.4,0.655737704918033,0.0819672131147541,0,2,0,2
362,7:02,7:52,422,472,50,15,35,0.428571428571429,0.8,0.1,0,2,0,2
363,7:06,8:12,426,492,66,17,35,0.485714285714286,0.606060606060606,0.0757575757575758,4,2,0,6
364,7:45,8:02,465,482,17,9,35,0.257142857142857,2.35294117647059,0.294117647058824,0,3,0,3
365,7:49,8:05,469,485,16,10,35,0.285714285714286,2.5,0.3125,0,1,0,1
366,7:49,8:22,469,502,33,10,35,0.285714285714286,1.21212121212121,0.151515151515152,0,1,0,1
367,7:54,8:11,474,491,17,10,35,0.285714285714286,2.35294117647059,0.294117647058824,0,1,0,1
368,7:55,8:13,475,493,18,10,35,0.285714285714286,2.22222222222222,0.277777777777778,0,1,0,1
369,8:00,8:17,480,497,17,10,35,0.285714285714286,2.35294117647059,0.294117647058824,1,1,0,2
370,8:01,8:13,481,493,12,11,35,0.314285714285714,3.33333333333333,0.416666666666667,0,1,0,1
371,8:03,8:16,483,496,13,11,35,0.314285714285714,3.07692307692308,0.384615384615385,0,1,0,1
372,8:06,8:33,486,513,27,11,35,0.314285714285714,1.48148148148148,0.185185185185185,0,1,0,1
373,8:07,8:21,487,501,14,12,35,0.342857142857143,2.85714285714286,0.357142857142857,0,1,0,1
374,8:10,8:24,490,504,14,10,35,0.285714285714286,2.85714285714286,0.357142857142857,0,1,0,1
375,8:13,8:29,493,509,16,10,35,0.285714285714286,2.5,0.3125,0,1,0,1
376,8:14,8:30,494,510,16,10,35,0.285714285714286,2.5,0.3125,0,1,0,1
377,8:16,8:33,496,513,17,8,35,0.228571428571429,2.35294117647059,0.294117647058824,0,1,0,1
378,8:18,8:36,498,516,18,8,35,0.228571428571429,2.22222222222222,0.277777777777778,0,2,0,2
379,8:20,8:40,500,520,20,8,35,0.228571428571429,2,0.25,0,2,0,2
380,8:23,8:43,503,569,66,8,35,0.228571428571429,0.606060606060606,0.0757575757575758,0,3,0,3
381,8:24,8:44,504,524,20,8,35,0.228571428571429,2,0.25,1,3,0,4
382,8:26,8:46,506,526,20,9,35,0.257142857142857,2,0.25,0,3,0,3
383,8:30,8:43,510,523,13,9,35,0.257142857142857,3.07692307692308,0.384615384615385,0,3,0,3
384,8:33,8:55,513,535,22,8,35,0.228571428571429,1.81818181818182,0.227272727272727,0,2,1,3
385,8:34,8:57,514,537,23,9,35,0.257142857142857,1.73913043478261,0.217391304347826,0,2,1,3
386,8:38,9:05,518,545,27,11,35,0.314285714285714,1.48148148148148,0.185185185185185,0,0,1,1
387,8:39,9:05,519,545,26,11,35,0.314285714285714,1.53846153846154,0.192307692307692,0,1,0,1
388,8:43,9:14,523,554,31,12,35,0.342857142857143,1.29032258064516,0.161290322580645,3,0,0,3
389,8:47,9:24,527,564,37,13,35,0.371428571428571,1.08108108108108,0.135135135135135,0,2,0,2
390,8:47,9:20,527,560,33,13,35,0.371428571428571,1.21212121212121,0.151515151515152,0,0,0,0
391,8:51,9:29,531,569,38,12,35,0.342857142857143,1.05263157894737,0.131578947368421,0,1,0,1
392,8:53,9:34,533,574,41,13,35,0.371428571428571,0.975609756097561,0.121951219512195,0,3,0,3
393,8:56,9:33,536,573,37,12,35,0.342857142857143,1.08108108108108,0.135135135135135,0,3,0,3
394,9:01,9:33,541,573,32,13,35,0.371428571428571,1.25,0.15625,3,0,0,3
395,9:02,9:36,542,576,34,13,35,0.371428571428571,1.17647058823529,0.147058823529412,3,0,0,3
396,9:07,9:38,547,578,31,12,35,0.342857142857143,1.29032258064516,0.161290322580645,0,3,0,3
397,9:08,9:40,548,580,32,12,35,0.342857142857143,1.25,0.15625,0,3,0,3
398,9:13,9:42,553,582,29,13,35,0.371428571428571,1.37931034482759,0.172413793103448,0,2,0,2
399,9:16,9:49,556,589,33,13,35,0.371428571428571,1.21212121212121,0.151515151515152,0,2,0,2
400,9:21,10:52,561,652,91,13,35,0.371428571428571,0.43956043956044,0.0549450549450549,0,2,0,2
401,9:24,9:53,564,593,29,14,35,0.4,1.37931034482759,0.172413793103448,0,1,0,1
402,9:26,9:57,566,597,31,14,35,0.4,1.29032258064516,0.161290322580645,0,1,0,1
403,9:30,9:58,570,598,28,14,35,0.4,1.42857142857143,0.178571428571429,0,0,0,0
404,9:32,10:08,572,608,36,14,35,0.4,1.11111111111111,0.138888888888889,1,0,0,1
405,9:35,9:55,575,595,20,13,35,0.371428571428571,2,0.25,2,0,0,2
406,9:38,10:13,578,613,35,16,35,0.457142857142857,1.14285714285714,0.142857142857143,1,0,0,1
407,9:39,10:01,579,601,22,16,35,0.457142857142857,1.81818181818182,0.227272727272727,1,0,0,1
408,9:43,10:09,583,609,26,13,35,0.371428571428571,1.53846153846154,0.192307692307692,0,0,0,0
409,9:47,10:18,587,618,31,13,35,0.371428571428571,1.29032258064516,0.161290322580645,0,0,0,0
410,9:49,10:29,589,629,40,12,35,0.342857142857143,1,0.125,0,0,0,0
411,9:51,10:28,591,628,37,12,35,0.342857142857143,1.08108108108108,0.135135135135135,0,0,0,0
412,9:55,10:20,595,620,25,12,35,0.342857142857143,1.6,0.2,2,0,0,2
413,9:56,10:38,596,638,42,12,35,0.342857142857143,0.952380952380952,0.119047619047619,2,0,0,2
414,9:59,10:26,599,626,27,14,35,0.4,1.48148148148148,0.185185185185185,0,1,0,1
415,10:00,10:46,600,646,46,14,35,0.4,0.869565217391304,0.108695652173913,0,1,0,1
416,10:03,10:50,603,650,47,13,35,0.371428571428571,0.851063829787234,0.106382978723404,0,1,0,1
417,10:06,10:33,606,633,27,12,35,0.342857142857143,1.48148148148148,0.185185185185185,0,1,0,1
418,10:09,10:55,609,655,46,13,35,0.371428571428571,0.869565217391304,0.108695652173913,0,1,0,1
419,10:12,10:38,612,638,26,15,35,0.428571428571429,1.53846153846154,0.192307692307692,0,1,0,1
420,10:16,10:58,616,658,42,15,35,0.428571428571429,0.952380952380952,0.119047619047619,0,1,0,1
421,10:18,11:19,618,679,61,12,35,0.342857142857143,0.655737704918033,0.0819672131147541,0,1,0,1
422,10:20,10:39,620,639,19,12,35,0.342857142857143,2.10526315789474,0.263157894736842,0,0,0,0
423,10:22,11:23,622,683,61,14,35,0.4,0.655737704918033,0.0819672131147541,0,0,0,0
424,10:24,10:44,624,644,20,14,35,0.4,2,0.25,0,0,0,0
425,10:27,11:34,627,694,67,14,35,0.4,0.597014925373134,0.0746268656716418,0,0,0,0
426,10:28,10:46,628,646,18,13,35,0.371428571428571,2.22222222222222,0.277777777777778,0,0,0,0
427,10:32,10:56,632,656,24,13,35,0.371428571428571,1.66666666666667,0.208333333333333,0,0,0,0
428,10:38,11:05,638,665,27,11,35,0.314285714285714,1.48148148148148,0.185185185185185,0,0,0,0
429,10:40,11:37,640,697,57,11,35,0.314285714285714,0.701754385964912,0.087719298245614,0,0,0,0
430,10:41,11:20,641,680,39,12,35,0.342857142857143,1.02564102564103,0.128205128205128,0,0,0,0
431,10:45,11:40,645,705,60,12,35,0.342857142857143,0.666666666666667,0.0833333333333333,1,0,0,1
432,10:47,11:24,647,684,37,11,35,0.314285714285714,1.08108108108108,0.135135135135135,1,0,0,1
433,10:51,11:28,651,688,37,10,35,0.285714285714286,1.08108108108108,0.135135135135135,2,0,0,2
434,10:53,11:34,653,694,41,12,35,0.342857142857143,0.975609756097561,0.121951219512195,1,0,0,1
435,10:53,11:42,653,702,49,12,35,0.342857142857143,0.816326530612245,0.102040816326531,1,0,0,1
436,10:57,11:39,657,699,42,13,35,0.371428571428571,0.952380952380952,0.119047619047619,0,0,0,0
437,10:59,11:46,659,706,47,15,35,0.428571428571429,0.851063829787234,0.106382978723404,0,0,0,0
438,11:01,11:45,661,705,44,14,35,0.4,0.909090909090909,0.113636363636364,0,0,0,0
439,11:04,11:50,664,710,46,14,35,0.4,0.869565217391304,0.108695652173913,0,0,0,0
440,11:07,11:49,667,709,42,15,35,0.428571428571429,0.952380952380952,0.119047619047619,0,0,0,0
441,11:09,11:53,669,713,44,17,35,0.485714285714286,0.909090909090909,0.113636363636364,0,0,0,0
442,11:12,11:52,672,712,40,18,35,0.514285714285714,1,0.125,0,0,0,0
443,11:17,11:54,677,714,37,20,35,0.571428571428571,1.08108108108108,0.135135135135135,4,0,0,4
444,11:39,11:56,699,716,17,12,35,0.342857142857143,2.35294117647059,0.294117647058824,0,0,0,0
445,11:40,11:58,700,718,18,13,35,0.371428571428571,2.22222222222222,0.277777777777778,0,0,0,0
446,11:44,12:00,704,720,16,11,35,0.314285714285714,2.5,0.3125,0,0,0,0
447,11:45,12:02,705,722,17,12,35,0.342857142857143,2.35294117647059,0.294117647058824,0,0,0,0
448,11:47,12:04,707,724,17,12,35,0.342857142857143,2.35294117647059,0.294117647058824,0,0,0,0
449,11:50,12:05,710,725,15,11,35,0.314285714285714,2.66666666666667,0.333333333333333,0,0,0,0
450,11:51,12:10,711,732,21,12,35,0.342857142857143,1.9047619047619,0.238095238095238,0,0,0,0
451,11:53,12:06,713,726,13,10,35,0.285714285714286,3.07692307692308,0.384615384615385,0,0,0,0
452,11:54,12:39,714,759,45,10,35,0.285714285714286,0.888888888888889,0.111111111111111,0,1,0,1
453,11:57,12:30,717,750,33,10,35,0.285714285714286,1.21212121212121,0.151515151515152,0,1,0,1
454,11:58,13:01,718,781,63,9,35,0.257142857142857,0.634920634920635,0.0793650793650794,0,1,0,1
455,11:59,12:56,719,776,57,9,35,0.257142857142857,0.701754385964912,0.087719298245614,0,1,0,1
456,12:01,13:10,721,790,69,9,35,0.257142857142857,0.579710144927536,0.072463768115942,0,1,0,1
457,12:04,13:20,724,800,76,11,35,0.314285714285714,0.526315789473684,0.0657894736842105,1,1,0,2
458,12:04,13:03,724,783,59,11,35,0.314285714285714,0.677966101694915,0.0847457627118644,1,1,0,2
459,12:06,12:20,726,740,14,11,35,0.314285714285714,2.85714285714286,0.357142857142857,1,1,0,2
460,12:07,13:26,727,806,79,12,35,0.342857142857143,0.506329113924051,0.0632911392405063,1,1,0,2
461,12:09,13:15,729,795,66,12,35,0.342857142857143,0.606060606060606,0.0757575757575758,0,1,0,1
462,12:10,13:49,730,829,99,12,35,0.342857142857143,0.404040404040404,0.0505050505050505,0,1,0,1
463,12:13,13:53,733,833,100,13,35,0.371428571428571,0.4,0.05,0,1,0,1
464,12:13,13:21,733,801,68,13,35,0.371428571428571,0.588235294117647,0.0735294117647059,0,1,0,1
465,12:16,13:28,736,808,72,11,35,0.314285714285714,0.555555555555556,0.0694444444444445,0,1,0,1
466,12:20,13:50,740,830,90,13,35,0.371428571428571,0.444444444444444,0.0555555555555556,0,1,0,1
467,12:23,13:56,743,836,93,15,35,0.428571428571429,0.43010752688172,0.0537634408602151,0,1,0,1
468,12:26,13:57,746,837,91,16,35,0.457142857142857,0.43956043956044,0.0549450549450549,0,1,0,1
469,12:30,14:01,750,841,91,17,35,0.485714285714286,0.43956043956044,0.0549450549450549,0,1,0,1
470,12:45,14:09,765,849,84,18,35,0.514285714285714,0.476190476190476,0.0595238095238095,0,0,0,0
471,12:58,14:47,778,887,109,19,35,0.542857142857143,0.36697247706422,0.0458715596330275,0,0,0,0
472,13:00,14:53,780,893,113,20,35,0.571428571428571,0.353982300884956,0.0442477876106195,0,0,0,0
473,13:22,14:55,802,895,93,15,35,0.428571428571429,0.43010752688172,0.0537634408602151,1,0,0,1
474,13:22,15:17,802,917,115,15,35,0.428571428571429,0.347826086956522,0.0434782608695652,1,0,0,1
475,13:33,15:18,813,918,105,15,35,0.428571428571429,0.380952380952381,0.0476190476190476,0,0,0,0
476,13:35,15:26,815,926,111,16,35,0.457142857142857,0.36036036036036,0.045045045045045,0,0,0,0
477,13:39,15:22,819,922,103,17,35,0.485714285714286,0.388349514563107,0.0485436893203884,0,0,0,0
478,13:40,15:30,820,930,110,18,35,0.514285714285714,0.363636363636364,0.0454545454545455,0,0,0,0
479,13:44,15:31,824,931,107,19,35,0.542857142857143,0.373831775700935,0.0467289719626168,0,0,0,0
480,14:00,15:36,840,936,96,14,35,0.4,0.416666666666667,0.0520833333333333,0,0,0,0
481,14:04,15:38,844,938,94,13,35,0.371428571428571,0.425531914893617,0.0531914893617021,0,0,0,0
482,14:08,15:43,848,943,95,15,35,0.428571428571429,0.421052631578947,0.0526315789473684,0,1,0,1
483,14:08,15:50,848,950,102,15,35,0.428571428571429,0.392156862745098,0.0490196078431373,0,1,0,1
484,14:12,16:08,852,968,116,17,35,0.485714285714286,0.344827586206897,0.0431034482758621,0,1,0,1
485,14:17,16:45,857,1005,148,17,35,0.485714285714286,0.27027027027027,0.0337837837837838,0,1,0,1
486,14:24,16:14,864,974,110,17,35,0.485714285714286,0.363636363636364,0.0454545454545455,8,1,0,9
487,15:03,16:54,903,1014,111,14,35,0.4,0.36036036036036,0.045045045045045,0,2,0,2
488,15:09,16:59,909,1019,110,14,35,0.4,0.363636363636364,0.0454545454545455,0,3,0,3
489,15:10,16:44,910,1004,94,14,35,0.4,0.425531914893617,0.0531914893617021,0,3,0,3
490,15:10,16:36,910,996,86,14,35,0.4,0.465116279069767,0.0581395348837209,0,3,0,3
491,15:18,17:04,918,1024,106,16,35,0.457142857142857,0.377358490566038,0.0471698113207547,2,3,0,5
492,15:28,17:07,928,1027,99,15,35,0.428571428571429,0.404040404040404,0.0505050505050505,1,3,0,4
493,15:44,17:09,944,1029,85,11,35,0.314285714285714,0.470588235294118,0.0588235294117647,3,3,0,6
494,15:45,17:26,945,1046,101,12,35,0.342857142857143,0.396039603960396,0.0495049504950495,0,3,0,3
495,15:47,17:19,947,1039,92,14,35,0.4,0.434782608695652,0.0543478260869565,0,3,0,3
496,15:48,16:05,948,965,17,15,35,0.428571428571429,2.35294117647059,0.294117647058824,0,3,0,3
497,15:50,17:29,950,1049,99,16,35,0.457142857142857,0.404040404040404,0.0505050505050505,0,3,0,3
498,15:53,17:30,953,1050,97,17,35,0.485714285714286,0.412371134020619,0.0515463917525773,0,4,0,4
499,15:55,17:15,955,1038,83,18,35,0.514285714285714,0.481927710843374,0.0602409638554217,0,5,0,5
500,15:55,17:33,955,1053,98,18,35,0.514285714285714,0.408163265306122,0.0510204081632653,0,5,0,5
501,00:05,3:50,5,230,225,19,35,0.542857142857143,0.177777777777778,0.0222222222222222,1,2,0,3
502,0:08,1:40,8,100,92,19,35,0.542857142857143,0.434782608695652,0.0543478260869565,2,2,0,4
503,0:18,4:02,18,242,224,21,35,0.6,0.178571428571429,0.0223214285714286,3,2,0,5
504,0:41,1:52,41,112,71,19,35,0.542857142857143,0.563380281690141,0.0704225352112676,1,2,0,3
505,0:57,5:04,57,304,247,17,35,0.485714285714286,0.161943319838057,0.0202429149797571,2,2,0,4
506,1:04,3:45,64,225,161,19,35,0.542857142857143,0.248447204968944,0.031055900621118,4,2,0,6
507,1:40,6:18,100,378,278,16,35,0.457142857142857,0.143884892086331,0.0179856115107914,0,1,0,1
508,1:44,4:25,104,265,161,17,35,0.485714285714286,0.248447204968944,0.031055900621118,0,1,0,1
509,1:44,5:09,104,309,205,17,35,0.485714285714286,0.195121951219512,0.024390243902439,0,1,0,1
510,1:46,4:01,106,241,135,17,35,0.485714285714286,0.296296296296296,0.037037037037037,0,1,0,1
511,1:48,4:34,108,274,166,18,35,0.514285714285714,0.240963855421687,0.0301204819277108,0,1,0,1
512,1:50,4:20,110,260,150,18,35,0.514285714285714,0.266666666666667,0.0333333333333333,0,1,0,1
513,1:52,6:13,112,373,261,19,35,0.542857142857143,0.153256704980843,0.0191570881226054,0,0,0,0
514,1:54,5:24,114,324,210,22,35,0.628571428571429,0.19047619047619,0.0238095238095238,0,0,0,0
515,1:55,6:40,115,400,285,22,35,0.628571428571429,0.140350877192982,0.0175438596491228,0,1,0,1
516,2:01,5:25,121,325,204,21,35,0.6,0.196078431372549,0.0245098039215686,0,1,0,1
517,2:07,6:24,127,384,257,26,35,0.742857142857143,0.155642023346304,0.0194552529182879,0,2,0,2
518,2:07,7:20,127,440,313,26,35,0.742857142857143,0.12779552715655,0.0159744408945687,0,2,0,2
519,2:36,6:55,156,415,259,29,35,0.828571428571429,0.154440154440154,0.0193050193050193,0,2,0,2
520,2:53,7:05,173,425,252,27,35,0.771428571428572,0.158730158730159,0.0198412698412698,0,2,0,2
521,2:54,7:53,174,473,299,27,35,0.771428571428572,0.133779264214047,0.0167224080267559,0,2,0,2
522,3:04,9:55,184,595,411,32,35,0.914285714285714,0.097323600973236,0.0121654501216545,0,2,0,2
523,3:39,6:50,219,410,191,32,35,0.914285714285714,0.209424083769634,0.0261780104712042,0,2,0,2
524,4:02,10:06,242,606,364,27,35,0.771428571428572,0.10989010989011,0.0137362637362637,0,2,0,2
525,4:05,9:45,245,585,340,26,35,0.742857142857143,0.117647058823529,0.0147058823529412,0,2,0,2
526,4:07,10:05,247,605,358,22,35,0.628571428571429,0.111731843575419,0.0139664804469274,0,2,0,2
527,4:09,10:03,249,603,354,22,35,0.628571428571429,0.112994350282486,0.0141242937853107,0,2,0,2
528,4:15,6:06,255,366,111,22,35,0.628571428571429,0.36036036036036,0.045045045045045,0,2,0,2
529,4:17,10:15,257,615,358,22,35,0.628571428571429,0.111731843575419,0.0139664804469274,0,2,0,2
530,4:23,10:16,263,616,353,27,35,0.771428571428572,0.113314447592068,0.0141643059490085,0,2,0,2
531,4:43,10:32,283,632,349,23,35,0.657142857142857,0.114613180515759,0.0143266475644699,0,2,0,2
532,5:20,10:56,320,656,336,28,35,0.8,0.119047619047619,0.0148809523809524,0,2,0,2
533,5:35,10:47,335,647,312,26,35,0.742857142857143,0.128205128205128,0.016025641025641,0,2,0,2
534,5:47,10:34,347,634,287,25,35,0.714285714285714,0.139372822299652,0.0174216027874564,0,2,0,2
535,5:49,10:57,349,657,308,24,35,0.685714285714286,0.12987012987013,0.0162337662337662,0,2,0,2
536,5:55,11:03,355,663,308,26,35,0.742857142857143,0.12987012987013,0.0162337662337662,0,2,0,2
537,6:00,11:05,360,665,305,29,35,0.828571428571429,0.131147540983607,0.0163934426229508,0,2,0,2
538,6:01,11:06,361,666,305,28,35,0.8,0.131147540983607,0.0163934426229508,0,2,0,2
539,6:07,10:47,367,647,280,28,35,0.8,0.142857142857143,0.0178571428571429,0,2,0,2
540,6:10,11:09,370,669,299,30,35,0.857142857142857,0.133779264214047,0.0167224080267559,0,1,0,1
541,6:35,11:06,395,666,271,27,35,0.771428571428572,0.14760147601476,0.018450184501845,0,1,0,1
542,6:41,11:09,401,669,268,26,35,0.742857142857143,0.149253731343284,0.0186567164179104,0,1,0,1
543,6:53,11:21,413,681,268,30,35,0.857142857142857,0.149253731343284,0.0186567164179104,1,1,0,2
544,7:35,12:08,455,728,273,32,35,0.914285714285714,0.146520146520147,0.0183150183150183,1,1,0,2
545,7:38,11:43,458,703,245,32,35,0.914285714285714,0.163265306122449,0.0204081632653061,3,1,0,4
546,7:57,11:25,477,685,208,29,35,0.828571428571429,0.192307692307692,0.0240384615384615,3,1,0,4
547,8:54,11:21,534,681,147,33,35,0.942857142857143,0.272108843537415,0.0340136054421769,4,1,0,5
548,9:21,11:52,561,712,151,32,35,0.914285714285714,0.264900662251656,0.033112582781457,0,1,0,1
549,10:09,11:44,609,704,95,27,35,0.771428571428572,0.421052631578947,0.0526315789473684,0,1,0,1
550,10:11,12:09,611,729,118,23,35,0.657142857142857,0.338983050847458,0.0423728813559322,0,1,0,1
551,10:16,12:24,616,744,128,25,35,0.714285714285714,0.3125,0.0390625,0,1,0,1
552,10:29,11:25,629,745,116,22,35,0.628571428571429,0.344827586206897,0.0431034482758621,0,1,0,1
553,10:31,12:51,631,771,140,22,35,0.628571428571429,0.285714285714286,0.0357142857142857,0,1,0,1
554,10:32,15:05,632,905,273,21,35,0.6,0.146520146520147,0.0183150183150183,0,1,0,1
555,10:39,15:56,639,956,317,24,35,0.685714285714286,0.126182965299685,0.0157728706624606,3,1,0,4
556,10:50,13:29,650,809,159,23,35,0.657142857142857,0.251572327044025,0.0314465408805031,0,1,0,1
557,10:52,12:17,652,737,85,24,35,0.685714285714286,0.470588235294118,0.0588235294117647,0,1,0,1
558,11:00,16:30,660,990,330,22,35,0.628571428571429,0.121212121212121,0.0151515151515152,0,1,0,1
559,11:02,14:26,662,866,204,23,35,0.657142857142857,0.196078431372549,0.0245098039215686,0,1,0,1
560,11:04,16:22,664,982,318,24,35,0.685714285714286,0.125786163522013,0.0157232704402516,0,1,0,1
561,11:08,12:01,668,721,53,21,35,0.6,0.754716981132076,0.0943396226415094,1,0,0,1
562,11:13,16:30,673,990,317,25,35,0.714285714285714,0.126182965299685,0.0157728706624606,1,1,0,2
563,11:14,16:04,674,964,290,25,35,0.714285714285714,0.137931034482759,0.0172413793103448,1,1,0,2
564,11:18,16:36,678,996,318,29,35,0.828571428571429,0.125786163522013,0.0157232704402516,0,1,0,1
565,11:22,16:40,682,1000,318,30,35,0.857142857142857,0.125786163522013,0.0157232704402516,0,1,0,1
566,11:22,11:53,682,713,31,30,35,0.857142857142857,1.29032258064516,0.161290322580645,0,1,0,1
567,11:29,16:31,689,991,302,28,35,0.8,0.132450331125828,0.0165562913907285,0,1,0,1
568,11:32,16:41,692,1001,309,31,35,0.885714285714286,0.129449838187702,0.0161812297734628,0,1,0,1
569,11:36,17:38,696,1058,362,33,35,0.942857142857143,0.110497237569061,0.0138121546961326,0,2,0,2
570,11:38,16:34,698,994,296,34,35,0.971428571428571,0.135135135135135,0.0168918918918919,0,2,0,2
571,11:45,16:38,705,998,293,24,35,0.685714285714286,0.136518771331058,0.0170648464163823,0,2,0,2
572,11:49,16:42,709,1002,293,23,35,0.657142857142857,0.136518771331058,0.0170648464163823,0,3,0,3
573,11:51,17:43,711,1063,352,23,35,0.657142857142857,0.113636363636364,0.0142045454545455,0,3,0,3
574,11:54,16:58,714,1018,304,26,35,0.742857142857143,0.131578947368421,0.0164473684210526,0,3,0,3
575,11:56,13:24,716,804,88,26,35,0.742857142857143,0.454545454545455,0.0568181818181818,0,3,0,3
576,11:58,17:45,718,1065,347,27,35,0.771428571428572,0.115273775216138,0.0144092219020173,0,3,0,3
577,12:18,13:14,738,794,56,24,35,0.685714285714286,0.714285714285714,0.0892857142857143,0,3,0,3
578,12:32,17:06,752,1056,304,25,35,0.714285714285714,0.131578947368421,0.0164473684210526,0,3,0,3
579,12:37,17:52,757,1072,315,25,35,0.714285714285714,0.126984126984127,0.0158730158730159,0,3,0,3
580,12:43,17:42,763,1062,299,26,35,0.742857142857143,0.133779264214047,0.0167224080267559,0,3,0,3
581,12:47,17:18,467,1038,571,26,35,0.742857142857143,0.0700525394045534,0.00875656742556918,0,3,0,3
582,13:00,16:36,780,996,216,27,35,0.771428571428572,0.185185185185185,0.0231481481481481,0,3,0,3
583,13:06,17:24,786,1044,258,30,35,0.857142857142857,0.155038759689922,0.0193798449612403,1,3,0,4
584,13:17,17:58,797,1078,281,28,35,0.8,0.142348754448399,0.0177935943060498,0,3,0,3
585,13:25,17:30,805,1050,245,30,35,0.857142857142857,0.163265306122449,0.0204081632653061,0,3,0,3
586,13:31,17:48,811,1068,257,28,35,0.8,0.155642023346304,0.0194552529182879,0,3,0,3
587,13:40,17:45,820,1065,245,28,35,0.8,0.163265306122449,0.0204081632653061,3,3,0,6
588,15:40,17:50,940,1070,130,28,35,0.8,0.307692307692308,0.0384615384615385,6,3,0,9
589,15:52,18:07,952,1087,135,29,35,0.828571428571429,0.296296296296296,0.037037037037037,0,3,0,3
590,16:24,17:54,984,1074,90,25,35,0.714285714285714,0.444444444444444,0.0555555555555556,0,3,0,3
591,16:37,17:51,997,1071,74,20,35,0.571428571428571,0.540540540540541,0.0675675675675676,3,2,0,5
592,16:42,17:53,1002,1073,71,19,35,0.542857142857143,0.563380281690141,0.0704225352112676,3,1,0,4
593,16:46,17:57,1006,1077,71,20,35,0.571428571428571,0.563380281690141,0.0704225352112676,0,0,0,0
594,16:47,18:00,1007,1080,73,21,35,0.6,0.547945205479452,0.0684931506849315,0,0,0,0
595,16:48,18:17,1008,1097,89,22,35,0.628571428571429,0.449438202247191,0.0561797752808989,0,0,0,0
596,16:54,18:11,1014,1091,77,25,35,0.714285714285714,0.519480519480519,0.0649350649350649,3,0,0,3
597,17:02,18:14,1022,1094,72,27,35,0.771428571428572,0.555555555555556,0.0694444444444445,3,0,0,3
598,17:17,18:09,1037,1089,52,30,35,0.857142857142857,0.769230769230769,0.0961538461538462,3,0,0,3
599,17:22,18:20,1042,1100,58,28,35,0.8,0.689655172413793,0.0862068965517241,6,0,0,6
600,17:47,18:19,1067,1099,32,19,35,0.542857142857143,1.25,0.15625,0,0,0,0
601,17:52,18:24,1072,1104,32,17,35,0.485714285714286,1.25,0.15625,0,0,0,0
602,17:53,18:23,1073,1103,30,17,35,0.485714285714286,1.33333333333333,0.166666666666667,0,0,0,0
603,17:55,18:29,1075,1109,34,17,35,0.485714285714286,1.17647058823529,0.147058823529412,0,0,0,0
604,17:58,18:26,1078,1106,28,17,35,0.485714285714286,1.42857142857143,0.178571428571429,0,0,0,0
605,17:58,18:32,1078,1112,34,17,35,0.485714285714286,1.17647058823529,0.147058823529412,0,0,0,0
606,18:02,18:30,1082,1110,28,17,35,0.485714285714286,1.42857142857143,0.178571428571429,0,0,0,0
607,18:03,18:34,1083,1114,31,17,35,0.485714285714286,1.29032258064516,0.161290322580645,0,1,0,1
608,18:03,18:34,1083,1114,31,17,35,0.485714285714286,1.29032258064516,0.161290322580645,0,1,0,1
609,18:06,18:37,1086,1117,31,17,35,0.485714285714286,1.29032258064516,0.161290322580645,0,1,0,1
610,18:07,18:36,1087,1116,29,20,35,0.571428571428571,1.37931034482759,0.172413793103448,0,1,0,1
611,18:08,18:39,1088,1119,31,20,35,0.571428571428571,1.29032258064516,0.161290322580645,0,1,0,1
612,18:12,18:40,1092,1120,28,23,35,0.657142857142857,1.42857142857143,0.178571428571429,0,1,0,1
613,18:14,18:41,1094,1121,27,23,35,0.657142857142857,1.48148148148148,0.185185185185185,0,1,0,1
614,18:19,18:45,1099,1125,26,20,35,0.571428571428571,1.53846153846154,0.192307692307692,0,1,0,1
615,18:21,18:42,1101,1122,21,20,35,0.571428571428571,1.9047619047619,0.238095238095238,0,1,0,1
616,18:24,19:00,1104,1140,36,18,35,0.514285714285714,1.11111111111111,0.138888888888889,0,1,0,1
617,18:25,18:46,1105,1126,21,18,35,0.514285714285714,1.9047619047619,0.238095238095238,0,1,0,1
618,18:28,19:08,1108,1148,40,17,35,0.485714285714286,1,0.125,0,1,0,1
619,18:29,18:55,1109,1135,26,18,35,0.514285714285714,1.53846153846154,0.192307692307692,0,1,0,1
620,18:30,19:21,1110,1161,51,18,35,0.514285714285714,0.784313725490196,0.0980392156862745,0,1,0,1
621,18:33,19:23,1113,1163,50,17,35,0.485714285714286,0.8,0.1,0,1,0,1
622,18:33,19:17,1113,1157,44,17,35,0.485714285714286,0.909090909090909,0.113636363636364,0,1,0,1
623,18:36,19:27,1116,1167,51,16,35,0.457142857142857,0.784313725490196,0.0980392156862745,0,0,0,0
624,18:37,19:29,1117,1169,52,17,35,0.485714285714286,0.769230769230769,0.0961538461538462,0,0,0,0
625,18:43,19:32,1123,1172,49,16,35,0.457142857142857,0.816326530612245,0.102040816326531,0,0,0,0
626,18:44,19:32,1124,1172,48,16,35,0.457142857142857,0.833333333333333,0.104166666666667,0,0,0,0
627,18:48,19:33,1128,1173,45,15,35,0.428571428571429,0.888888888888889,0.111111111111111,0,1,0,1
628,18:50,19:44,1130,1184,54,17,35,0.485714285714286,0.740740740740741,0.0925925925925926,0,1,0,1
629,18:50,19:36,1130,1176,46,17,35,0.485714285714286,0.869565217391304,0.108695652173913,0,1,0,1
630,18:51,19:37,1131,1177,46,17,35,0.485714285714286,0.869565217391304,0.108695652173913,0,1,0,1
631,18:55,19:41,1135,1181,46,19,35,0.542857142857143,0.869565217391304,0.108695652173913,1,1,0,2
632,18:56,19:40,1136,1180,44,19,35,0.542857142857143,0.909090909090909,0.113636363636364,1,1,0,2
633,18:57,19:40,1137,1180,43,21,35,0.6,0.930232558139535,0.116279069767442,2,1,0,3
634,19:00,19:43,1140,1183,43,19,35,0.542857142857143,0.930232558139535,0.116279069767442,2,2,0,4
635,19:04,19:46,1144,1186,42,17,35,0.485714285714286,0.952380952380952,0.119047619047619,2,2,0,4
636,19:12,19:49,1152,1189,37,16,35,0.457142857142857,1.08108108108108,0.135135135135135,2,2,0,4
637,19:22,19:44,1162,1184,22,15,35,0.428571428571429,1.81818181818182,0.227272727272727,1,2,0,3
638,19:22,19:42,1162,1182,20,15,35,0.428571428571429,2,0.25,1,2,0,3
639,19:33,22:32,1173,1352,179,13,35,0.371428571428571,0.223463687150838,0.0279329608938547,0,2,0,2
640,19:34,19:48,1174,1188,14,13,35,0.371428571428571,2.85714285714286,0.357142857142857,0,2,0,2
641,19:35,19:55,1175,1195,20,13,35,0.371428571428571,2,0.25,0,2,0,2
642,19:36,20:05,1176,1205,29,13,35,0.371428571428571,1.37931034482759,0.172413793103448,0,2,0,2
643,19:38,19:51,1178,1191,13,14,35,0.4,3.07692307692308,0.384615384615385,0,2,0,2
644,19:39,19:57,1179,1197,18,13,35,0.371428571428571,2.22222222222222,0.277777777777778,0,2,0,2
645,19:42,19:59,1182,1199,17,13,35,0.371428571428571,2.35294117647059,0.294117647058824,0,2,0,2
646,19:44,20:00,1184,1200,16,12,35,0.342857142857143,2.5,0.3125,0,1,0,1
647,19:45,20:06,1185,1206,21,12,35,0.342857142857143,1.9047619047619,0.238095238095238,0,0,0,0
648,19:49,20:05,1189,1205,16,12,35,0.342857142857143,2.5,0.3125,0,0,0,0
649,19:51,20:10,1191,1210,19,12,35,0.342857142857143,2.10526315789474,0.263157894736842,0,0,0,0
650,19:55,20:21,1195,1221,26,11,35,0.314285714285714,1.53846153846154,0.192307692307692,0,0,0,0
651,19:56,20:09,1196,1209,13,11,35,0.314285714285714,3.07692307692308,0.384615384615385,0,0,0,0
652,19:58,20:35,1198,1235,37,11,35,0.314285714285714,1.08108108108108,0.135135135135135,0,0,0,0
653,19:59,20:12,1199,1212,13,10,35,0.285714285714286,3.07692307692308,0.384615384615385,0,0,0,0
654,20:02,20:13,1202,1213,11,10,35,0.285714285714286,3.63636363636364,0.454545454545455,0,0,0,0
655,20:05,20:22,1205,1222,17,9,35,0.257142857142857,2.35294117647059,0.294117647058824,0,0,0,0
656,20:06,20:17,1206,1217,11,9,35,0.257142857142857,3.63636363636364,0.454545454545455,0,0,0,0
657,20:08,20:26,1208,1226,18,9,35,0.257142857142857,2.22222222222222,0.277777777777778,0,0,0,0
658,20:09,20:20,1209,1220,11,9,35,0.257142857142857,3.63636363636364,0.454545454545455,0,0,0,0
659,20:10,20:26,1210,1226,16,9,35,0.257142857142857,2.5,0.3125,0,0,0,0
660,20:10,20:21,1210,1221,11,9,35,0.257142857142857,3.63636363636364,0.454545454545455,0,0,0,0
661,20:13,20:28,1213,1228,15,10,35,0.285714285714286,2.66666666666667,0.333333333333333,0,0,0,0
662,20:14,20:28,1214,1228,14,11,35,0.314285714285714,2.85714285714286,0.357142857142857,0,0,0,0
663,20:18,20:29,1218,1229,11,12,35,0.342857142857143,3.63636363636364,0.454545454545455,0,0,0,0
664,20:18,20:33,1218,1233,15,12,35,0.342857142857143,2.66666666666667,0.333333333333333,0,0,0,0
665,20:22,20:34,1222,1234,12,12,35,0.342857142857143,3.33333333333333,0.416666666666667,0,1,0,1
666,20:22,20:33,1222,1233,11,12,35,0.342857142857143,3.63636363636364,0.454545454545455,0,1,0,1
667,20:24,20:39,1224,1239,15,11,35,0.314285714285714,2.66666666666667,0.333333333333333,0,1,0,1
668,20:26,20:45,1226,1245,19,10,35,0.285714285714286,2.10526315789474,0.263157894736842,0,1,0,1
669,20:28,20:44,1228,1244,16,11,35,0.314285714285714,2.5,0.3125,0,1,0,1
670,20:29,20:50,1229,1250,21,10,35,0.285714285714286,1.9047619047619,0.238095238095238,0,1,0,1
671,20:31,20:56,1231,1256,25,10,35,0.285714285714286,1.6,0.2,0,1,0,1
672,20:32,20:49,1232,1249,17,10,35,0.285714285714286,2.35294117647059,0.294117647058824,0,1,0,1
673,20:34,20:59,1234,1259,25,11,35,0.314285714285714,1.6,0.2,0,1,0,1
674,20:37,20:59,1237,1259,22,11,35,0.314285714285714,1.81818181818182,0.227272727272727,0,0,0,0
675,20:38,21:21,1238,1281,43,11,35,0.314285714285714,0.930232558139535,0.116279069767442,0,0,0,0
676,20:40,21:06,1240,1266,26,10,35,0.285714285714286,1.53846153846154,0.192307692307692,0,0,0,0
677,20:49,21:12,1249,1272,23,11,35,0.314285714285714,1.73913043478261,0.217391304347826,2,1,0,3
678,20:58,21:09,1258,1269,11,8,35,0.228571428571429,3.63636363636364,0.454545454545455,2,1,0,3
679,21:03,21:18,1263,1278,15,10,35,0.285714285714286,2.66666666666667,0.333333333333333,0,1,0,1
680,21:07,21:24,1267,1284,17,8,35,0.228571428571429,2.35294117647059,0.294117647058824,0,1,0,1
681,21:10,21:26,1270,1286,16,8,35,0.228571428571429,2.5,0.3125,0,1,0,1
682,21:11,21:29,1271,1289,18,8,35,0.228571428571429,2.22222222222222,0.277777777777778,0,1,0,1
683,21:19,21:39,1279,1299,20,9,35,0.257142857142857,2,0.25,0,0,0,0
684,21:20,21:47,1280,1307,27,9,35,0.257142857142857,1.48148148148148,0.185185185185185,0,1,0,1
685,21:23,21:58,1283,1318,35,10,35,0.285714285714286,1.14285714285714,0.142857142857143,0,1,0,1
686,21:24,22:07,1284,1307,23,10,35,0.285714285714286,1.73913043478261,0.217391304347826,0,1,0,1
687,21:29,22:10,1289,1330,41,8,35,0.228571428571429,0.975609756097561,0.121951219512195,0,1,0,1
688,21:30,22:20,1290,1340,50,8,35,0.228571428571429,0.8,0.1,1,1,0,2
689,21:32,22:24,1292,1344,52,9,35,0.257142857142857,0.769230769230769,0.0961538461538462,1,1,0,2
690,21:34,22:14,1294,1334,40,10,35,0.285714285714286,1,0.125,1,1,0,2
691,21:35,22:26,1295,1346,51,10,35,0.285714285714286,0.784313725490196,0.0980392156862745,1,1,0,2
692,21:39,22:33,1299,1353,54,12,35,0.342857142857143,0.740740740740741,0.0925925925925926,0,1,0,1
693,21:39,22:33,1299,1353,54,12,35,0.342857142857143,0.740740740740741,0.0925925925925926,0,1,0,1
694,21:44,22:50,1304,1370,66,11,35,0.314285714285714,0.606060606060606,0.0757575757575758,0,1,0,1
695,21:50,22:52,1310,1372,62,11,35,0.314285714285714,0.645161290322581,0.0806451612903226,0,1,0,1
696,21:58,22:27,1318,1347,29,12,35,0.342857142857143,1.37931034482759,0.172413793103448,0,1,0,1
697,21:59,22:41,1319,1361,42,12,35,0.342857142857143,0.952380952380952,0.119047619047619,1,0,0,1
698,22:05,23:01,1325,1380,55,16,35,0.457142857142857,0.727272727272727,0.0909090909090909,2,0,0,2
699,22:05,22:50,1325,1370,45,16,35,0.457142857142857,0.888888888888889,0.111111111111111,2,0,0,2
700,22:09,22:50,1329,1370,41,13,35,0.371428571428571,0.975609756097561,0.121951219512195,2,0,0,2
701,22:14,22:43,1334,1363,29,14,35,0.4,1.37931034482759,0.172413793103448,1,0,0,1
702,22:20,22:58,1340,1378,38,17,35,0.485714285714286,1.05263157894737,0.131578947368421,1,0,0,1
703,22:25,23:02,1345,1382,37,11,35,0.314285714285714,1.08108108108108,0.135135135135135,0,0,0,0
704,22:28,22:53,1348,1373,25,13,35,0.371428571428571,1.6,0.2,1,0,0,1
705,22:38,23:01,1358,1381,23,14,35,0.4,1.73913043478261,0.217391304347826,2,0,0,2
706,22:39,23:04,1359,1384,25,15,35,0.428571428571429,1.6,0.2,0,0,0,0
707,22:42,23:04,1362,1384,22,12,35,0.342857142857143,1.81818181818182,0.227272727272727,0,0,0,0
708,22:45,23:10,1365,1390,25,13,35,0.371428571428571,1.6,0.2,0,0,0,0
709,22:47,23:08,1367,1388,21,14,35,0.4,1.9047619047619,0.238095238095238,0,0,0,0
710,22:51,23:12,1371,1392,21,13,35,0.371428571428571,1.9047619047619,0.238095238095238,0,0,0,0
711,22:53,23:14,1373,1394,21,14,35,0.4,1.9047619047619,0.238095238095238,0,0,0,0
712,22:55,23:16,1375,1396,21,13,35,0.371428571428571,1.9047619047619,0.238095238095238,0,0,0,0
713,22:58,23:18,1378,1398,20,13,35,0.371428571428571,2,0.25,0,0,0,0
714,22:58,23:20,1378,1400,22,13,35,0.371428571428571,1.81818181818182,0.227272727272727,0,0,0,0
715,23:01,23:21,1381,1401,20,14,35,0.4,2,0.25,0,0,0,0
716,23:01,23:23,1381,1403,22,14,35,0.4,1.81818181818182,0.227272727272727,0,0,0,0
717,23:04,23:26,1384,1406,22,13,35,0.371428571428571,1.81818181818182,0.227272727272727,0,0,0,0
718,23:05,23:25,1385,1405,20,13,35,0.371428571428571,2,0.25,0,1,0,1
719,23:10,23:30,1390,1410,20,11,35,0.314285714285714,2,0.25,0,1,0,1
720,23:13,23:33,1393,1413,20,11,35,0.314285714285714,2,0.25,0,1,0,1
721,23:14,23:33,1394,1413,19,10,35,0.285714285714286,2.10526315789474,0.263157894736842,0,1,0,1
722,23:18,23:42,1398,1422,24,9,35,0.257142857142857,1.66666666666667,0.208333333333333,0,1,0,1
723,23:18,23:39,1398,1419,21,9,35,0.257142857142857,1.9047619047619,0.238095238095238,0,1,0,1
724,23:21,23:55,1401,1435,34,9,35,0.257142857142857,1.17647058823529,0.147058823529412,0,1,0,1
725,23:22,23:44,1402,1424,22,10,35,0.285714285714286,1.81818181818182,0.227272727272727,0,1,0,1
726,23:24,24:00:00,1404,1440,36,10,35,0.285714285714286,1.11111111111111,0.138888888888889,0,1,0,1
727,23:24,23:51,1404,1431,27,10,35,0.285714285714286,1.48148148148148,0.185185185185185,0,1,0,1
728,23:28,23:55,1408,1435,27,12,35,0.342857142857143,1.48148148148148,0.185185185185185,2,0,0,2
729,23:29,24:41:00,1409,1481,72,12,35,0.342857142857143,0.555555555555556,0.0694444444444445,2,0,0,2
730,23:31,24:03:00,1411,1443,32,11,35,0.314285714285714,1.25,0.15625,2,0,0,2
731,23:32,24:52:00,1412,1492,80,11,35,0.314285714285714,0.5,0.0625,2,0,0,2
732,23:35,25:01:00,1415,1501,86,12,35,0.342857142857143,0.465116279069767,0.0581395348837209,0,0,0,0
733,23:36,25:08:00,1416,1508,92,13,35,0.371428571428571,0.434782608695652,0.0543478260869565,0,0,0,0
734,23:40,25:06:00,1420,1506,86,13,35,0.371428571428571,0.465116279069767,0.0581395348837209,0,0,0,0
735,23:40,25:13:00,1420,1513,93,13,35,0.371428571428571,0.43010752688172,0.0537634408602151,0,0,0,0
736,23:43,25:11:00,1423,1511,88,15,35,0.428571428571429,0.454545454545455,0.0568181818181818,0,0,0,0
737,23:43,25:14:00,1423,1514,91,15,35,0.428571428571429,0.43956043956044,0.0549450549450549,0,0,0,0
738,23:48,25:16:00,1428,1516,88,16,35,0.457142857142857,0.454545454545455,0.0568181818181818,0,1,0,1
739,23:48,25:20:00,1428,1520,92,16,35,0.457142857142857,0.434782608695652,0.0543478260869565,0,1,0,1
740,23:53,25:25:00,1433,1525,92,14,35,0.4,0.434782608695652,0.0543478260869565,1,1,0,2
741,23:56,25:19:00,1436,1519,83,13,35,0.371428571428571,0.481927710843374,0.0602409638554217,1,1,0,2
742,24:01:00,25:27:00,1441,1527,86,15,35,0.428571428571429,0.465116279069767,0.0581395348837209,0,1,0,1
743,24:02:00,25:40:00,1442,1540,98,15,35,0.428571428571429,0.408163265306122,0.0510204081632653,1,1,0,2
744,24:13:00,25:45:00,1453,1545,92,13,35,0.371428571428571,0.434782608695652,0.0543478260869565,1,1,0,2
745,24:20:00,25:38:00,1460,1538,78,15,35,0.428571428571429,0.512820512820513,0.0641025641025641,0,2,0,2
746,24:27:00,25:45:00,1467,1545,78,16,35,0.457142857142857,0.512820512820513,0.0641025641025641,0,2,0,2
747,24:33:00,25:43:00,1473,1543,70,16,35,0.457142857142857,0.571428571428571,0.0714285714285714,0,2,0,2
748,24:33:00,25:48:00,1473,1548,75,16,35,0.457142857142857,0.533333333333333,0.0666666666666667,0,2,0,2
749,25:10:00,25:51:00,1510,1551,41,14,35,0.4,0.975609756097561,0.121951219512195,0,2,0,2
750,25:18:00,25:38:00,1518,1538,20,10,35,0.285714285714286,2,0.25,0,1,0,1
