Nomor,T-in (mm.ss),T-out (mm.ss),T-in,T-out,Î”T,Volume,VMax,Kepadatan,Kecepatan,Kecepatan Normalisasi,Hambatan Kendaraan Menyebrang,Hambatan Kendaraan Besar,Hambatan Kendaraan Berhenti Pada Sisi Jalan,Total Hambatan,Keterangan Video
1,0:10,0:22,10,22,12,7,35,0.2,3.33333333333333,0.416666666666667,1,1,0,2,Video 1
2,0:12,0:27,12,27,15,7,35,0.2,2.66666666666667,0.333333333333333,0,1,0,1,Video 1
3,0:15,0:29,15,29,14,7,35,0.2,2.85714285714286,0.357142857142857,0,2,0,2,Video 1
4,0:17,0:31,17,31,14,6,35,0.171428571428571,2.85714285714286,0.357142857142857,0,2,0,2,Video 1
5,0:21,0:34,21,34,13,6,35,0.171428571428571,3.07692307692308,0.384615384615385,0,1,0,1,Video 1
6,0:21,0:37,21,37,16,7,35,0.2,2.5,0.3125,0,1,0,1,Video 1
7,0:23,0:36,23,36,13,7,35,0.2,3.07692307692308,0.384615384615385,0,1,0,1,Video 1
8,0:25,0:38,25,37,12,7,35,0.2,3.33333333333333,0.416666666666667,0,1,0,1,Video 1
9,0:42,0:55,42,55,13,6,35,0.171428571428571,3.07692307692308,0.384615384615385,1,0,0,1,Video 1
10,0:43,0:58,43,58,15,6,35,0.171428571428571,2.66666666666667,0.333333333333333,1,1,0,2,Video 1
11,0:46,1:00,46,60,14,6,35,0.171428571428571,2.85714285714286,0.357142857142857,0,1,0,1,Video 1
12,0:49,1:03,49,63,14,7,35,0.2,2.85714285714286,0.357142857142857,0,2,0,2,Video 1
13,0:52,1:05,52,65,13,6,35,0.171428571428571,3.07692307692308,0.384615384615385,0,3,0,3,Video 1
14,0:54,1:10,54,69,15,6,35,0.171428571428571,2.66666666666667,0.333333333333333,0,3,0,3,Video 1
15,0:57,1:12,57,72,15,6,35,0.171428571428571,2.66666666666667,0.333333333333333,1,2,0,3,Video 1
16,1:00,1:15,60,75,15,6,35,0.171428571428571,2.66666666666667,0.333333333333333,0,2,0,2,Video 1
17,1:04,1:26,64,86,22,5,35,0.142857142857143,1.81818181818182,0.227272727272727,0,2,0,2,Video 1
18,1:14,1:29,74,89,15,4,35,0.114285714285714,2.66666666666667,0.333333333333333,1,1,0,2,Video 1
19,1:16,1:31,76,91,15,3,35,0.0857142857142857,2.66666666666667,0.333333333333333,1,1,0,2,Video 1
20,1:20,1:34,80,94,14,4,35,0.114285714285714,2.85714285714286,0.357142857142857,0,1,0,1,Video 1
21,1:24,1:38,84,98,14,5,35,0.142857142857143,2.85714285714286,0.357142857142857,0,1,0,1,Video 1
22,1:28,1:40,88,100,12,6,35,0.171428571428571,3.33333333333333,0.416666666666667,0,1,0,1,Video 1
23,1:31,1:43,91,102,11,6,35,0.171428571428571,3.63636363636364,0.454545454545455,0,1,0,1,Video 1
24,1:34,1:48,94,108,14,5,35,0.142857142857143,2.85714285714286,0.357142857142857,0,1,0,1,Video 1
25,1:57,2:09,117,128,11,4,35,0.114285714285714,3.63636363636364,0.454545454545455,1,0,0,1,Video 1
26,1:59,2:11,119,131,12,4,35,0.114285714285714,3.33333333333333,0.416666666666667,1,0,0,1,Video 1
27,2:50,3:05,170,185,15,5,35,0.142857142857143,2.66666666666667,0.333333333333333,1,0,0,1,Video 1
28,2:51,3:03,171,183,12,5,35,0.142857142857143,3.33333333333333,0.416666666666667,1,0,0,1,Video 1
29,3:57,4:07,237,247,10,1,35,0.0285714285714286,4,0.5,1,0,0,1,Video 1
30,4:31,4:42,271,282,11,6,35,0.171428571428571,3.63636363636364,0.454545454545455,0,1,0,1,Video 1
31,4:32,4:42,272,282,10,6,35,0.171428571428571,4,0.5,0,1,0,1,Video 1
32,4:34,4:42,274,282,8,6,35,0.171428571428571,5,0.625,0,1,0,1,Video 1
33,4:36,4:46,276,286,10,5,35,0.142857142857143,4,0.5,0,1,0,1,Video 1
34,5:33,5:47,333,347,14,5,35,0.142857142857143,2.85714285714286,0.357142857142857,1,0,0,1,Video 1
35,5:34,5:43,334,343,9,5,35,0.142857142857143,4.44444444444445,0.555555555555556,1,0,0,1,Video 1
36,6:14,6:30,374,390,16,6,35,0.171428571428571,2.5,0.3125,1,0,0,1,Video 1
37,6:48,7:11,408,431,23,6,35,0.171428571428571,1.73913043478261,0.217391304347826,1,0,0,1,Video 1
38,6:55,7:13,415,433,18,7,35,0.2,2.22222222222222,0.277777777777778,1,0,0,1,Video 1
39,7:17,7:28,437,448,11,9,35,0.257142857142857,3.63636363636364,0.454545454545455,0,1,0,1,Video 1
40,7:19,7:31,439,451,12,9,35,0.257142857142857,3.33333333333333,0.416666666666667,0,1,0,1,Video 1
41,7:20,7:37,440,457,17,8,35,0.228571428571429,2.35294117647059,0.294117647058824,0,1,0,1,Video 1
42,7:23,7:39,443,459,16,6,35,0.171428571428571,2.5,0.3125,0,1,0,1,Video 1
43,7:25,7:41,445,461,16,6,35,0.171428571428571,2.5,0.3125,0,1,0,1,Video 1
44,7:27,7:48,447,468,21,7,35,0.2,1.9047619047619,0.238095238095238,1,1,0,2,Video 1
45,7:28,7:46,448,466,18,8,35,0.228571428571429,2.22222222222222,0.277777777777778,1,1,0,2,Video 1
46,7:47,7:52,467,472,5,0,35,0,8,1,0,1,0,1,Video 1
47,7:47,7:55,467,475,8,0,35,0,5,0.625,0,1,0,1,Video 1
48,7:49,7:58,469,478,9,2,35,0.0571428571428571,4.44444444444445,0.555555555555556,0,1,0,1,Video 1
49,7:52,7:59,472,479,7,3,35,0.0857142857142857,5.71428571428571,0.714285714285714,0,1,0,1,Video 1
50,7:53,8:08,473,488,15,3,35,0.0857142857142857,2.66666666666667,0.333333333333333,0,1,0,1,Video 1
51,7:55,8:05,475,485,10,4,35,0.114285714285714,4,0.5,0,1,0,1,Video 1
52,8:11,8:20,491,500,9,4,35,0.114285714285714,4.44444444444445,0.555555555555556,0,1,0,1,Video 1
53,8:14,8:21,494,501,7,4,35,0.114285714285714,5.71428571428571,0.714285714285714,0,1,0,1,Video 1
54,8:16,8:24,496,504,8,4,35,0.114285714285714,5,0.625,0,1,0,1,Video 1
55,8:40,8:49,520,529,9,2,35,0.0571428571428571,4.44444444444445,0.555555555555556,0,1,0,1,Video 1
56,8:43,8:52,523,532,9,4,35,0.114285714285714,4.44444444444445,0.555555555555556,0,1,0,1,Video 1
57,8:45,8:56,525,536,11,4,35,0.114285714285714,3.63636363636364,0.454545454545455,0,1,0,1,Video 1
58,8:50,8:59,530,539,9,3,35,0.0857142857142857,4.44444444444445,0.555555555555556,0,1,0,1,Video 1
59,8:51,9:01,532,541,9,3,35,0.0857142857142857,4.44444444444445,0.555555555555556,0,1,0,1,Video 1
60,9:40,9:46,580,586,6,2,35,0.0571428571428571,6.66666666666667,0.833333333333333,0,1,0,1,Video 1
61,9:42,9:48,582,588,6,2,35,0.0571428571428571,6.66666666666667,0.833333333333333,0,1,0,1,Video 1
62,9:44,9:50,584,590,6,2,35,0.0571428571428571,6.66666666666667,0.833333333333333,0,1,0,1,Video 1
63,9:46,9:52,586,592,6,3,35,0.0857142857142857,6.66666666666667,0.833333333333333,0,1,0,1,Video 1
64,10:18,10:24,618,624,6,1,35,0.0285714285714286,6.66666666666667,0.833333333333333,0,1,0,1,Video 1
65,10:19,10:27,620,627,7,2,35,0.0571428571428571,5.71428571428571,0.714285714285714,0,1,0,1,Video 1
66,10:23,10:30,623,630,7,2,35,0.0571428571428571,5.71428571428571,0.714285714285714,0,1,0,1,Video 1
67,10:38,10:50,638,650,12,3,35,0.0857142857142857,3.33333333333333,0.416666666666667,1,0,0,1,Video 1
68,10:42,10:55,642,655,13,5,35,0.142857142857143,3.07692307692308,0.384615384615385,0,1,0,1,Video 1
69,10:45,10:57,645,657,12,5,35,0.142857142857143,3.33333333333333,0.416666666666667,0,1,0,1,Video 1
70,10:48,11:00,648,660,12,6,35,0.171428571428571,3.33333333333333,0.416666666666667,0,1,0,1,Video 1
71,10:50,11:02,650,662,12,5,35,0.142857142857143,3.33333333333333,0.416666666666667,0,1,0,1,Video 1
72,10:52,11:08,652,668,16,5,35,0.142857142857143,2.5,0.3125,0,1,0,1,Video 1
73,10:53,11:05,653,665,12,6,35,0.171428571428571,3.33333333333333,0.416666666666667,0,1,0,1,Video 1
74,10:54,11:06,654,666,12,7,35,0.2,3.33333333333333,0.416666666666667,0,1,0,1,Video 1
75,11:07,11:20,667,680,13,10,35,0.285714285714286,3.07692307692308,0.384615384615385,1,0,0,1,Video 1
76,11:11,11:25,671,685,14,8,35,0.228571428571429,2.85714285714286,0.357142857142857,1,0,0,1,Video 1
77,11:12,11:22,672,682,10,8,35,0.228571428571429,4,0.5,1,0,0,1,Video 1
78,12:03,12:15,723,735,12,2,35,0.0571428571428571,3.33333333333333,0.416666666666667,2,0,0,2,Video 1
79,12:05,12:16,725,736,11,2,35,0.0571428571428571,3.63636363636364,0.454545454545455,2,0,0,2,Video 1
80,12:07,12:18,727,738,11,3,35,0.0857142857142857,3.63636363636364,0.454545454545455,2,0,0,2,Video 1
81,12:28,12:48,748,768,20,7,35,0.2,2,0.25,1,0,0,1,Video 1
82,12:32,12:52,752,772,20,7,35,0.2,2,0.25,1,0,0,1,Video 1
83,12:39,12:55,759,775,16,7,35,0.2,2.5,0.3125,0,1,0,1,Video 1
84,12:44,12:57,764,777,13,5,35,0.142857142857143,3.07692307692308,0.384615384615385,0,1,0,1,Video 1
85,12:47,13:00,767,780,13,5,35,0.142857142857143,3.07692307692308,0.384615384615385,0,1,0,1,Video 1
86,12:51,13:01,771,781,10,5,35,0.142857142857143,4,0.5,0,1,0,1,Video 1
87,12:53,13:03,773,783,10,5,35,0.142857142857143,4,0.5,0,1,0,1,Video 1
88,12:55,13:06,775,786,11,6,35,0.171428571428571,3.63636363636364,0.454545454545455,0,1,0,1,Video 1
89,13:21,13:41,801,821,20,6,35,0.171428571428571,2,0.25,0,1,0,1,Video 1
90,13:23,13:44,803,824,21,7,35,0.2,1.9047619047619,0.238095238095238,1,1,0,2,Video 1
91,13:27,13:36,807,816,9,8,35,0.228571428571429,4.44444444444445,0.555555555555556,0,1,0,1,Video 1
92,13:28,13:51,808,831,23,8,35,0.228571428571429,1.73913043478261,0.217391304347826,1,1,1,3,Video 1
93,13:30,13:47,810,827,17,8,35,0.228571428571429,2.35294117647059,0.294117647058824,1,1,0,2,Video 1
94,13:32,13:55,812,835,23,8,35,0.228571428571429,1.73913043478261,0.217391304347826,1,1,1,3,Video 1
95,13:33,13:49,813,829,16,10,35,0.285714285714286,2.5,0.3125,1,1,0,2,Video 1
96,13:34,13:56,814,836,22,10,35,0.285714285714286,1.81818181818182,0.227272727272727,1,1,1,3,Video 1
97,13:36,13:51,816,831,15,10,35,0.285714285714286,2.66666666666667,0.333333333333333,1,2,0,3,Video 1
98,13:38,14:01,818,841,23,9,35,0.257142857142857,1.73913043478261,0.217391304347826,0,2,1,3,Video 1
99,13:40,13:54,820,834,14,9,35,0.257142857142857,2.85714285714286,0.357142857142857,0,1,1,2,Video 1
100,13:46,13:59,826,839,13,10,35,0.285714285714286,3.07692307692308,0.384615384615385,0,1,0,1,Video 1
101,13:46,14:05,826,845,19,10,35,0.285714285714286,2.10526315789474,0.263157894736842,0,1,0,1,Video 1
102,13:48,14:03,828,843,15,11,35,0.314285714285714,2.66666666666667,0.333333333333333,0,1,0,1,Video 1
103,13:51,14:13,831,853,22,9,35,0.257142857142857,1.81818181818182,0.227272727272727,2,0,0,2,Video 1
104,13:56,14:14,836,854,18,8,35,0.228571428571429,2.22222222222222,0.277777777777778,2,0,0,2,Video 1
105,14:03,14:16,843,856,13,5,35,0.142857142857143,3.07692307692308,0.384615384615385,4,0,0,4,Video 1
106,14:08,14:19,848,859,11,4,35,0.114285714285714,3.63636363636364,0.454545454545455,2,0,0,2,Video 1
107,14:53,15:00,893,900,7,3,35,0.0857142857142857,5.71428571428571,0.714285714285714,0,1,0,1,Video 1
108,15:03,15:09,903,909,6,2,35,0.0571428571428571,6.66666666666667,0.833333333333333,0,1,0,1,Video 1
109,15:11,15:17,911,917,6,0,35,0,6.66666666666667,0.833333333333333,0,1,0,1,Video 1
110,15:16,15:24,916,924,8,1,35,0.0285714285714286,5,0.625,0,1,0,1,Video 1
111,15:18,15:26,918,926,8,1,35,0.0285714285714286,5,0.625,0,1,0,1,Video 1
112,15:19,15:27,919,927,8,2,35,0.0571428571428571,5,0.625,0,1,0,1,Video 1
113,15:21,15:28,921,928,7,3,35,0.0857142857142857,5.71428571428571,0.714285714285714,0,1,0,1,Video 1
114,15:22,15:30,922,930,8,4,35,0.114285714285714,5,0.625,0,2,0,2,Video 1
115,15:25,15:33,925,933,8,4,35,0.114285714285714,5,0.625,0,1,0,1,Video 1
116,15:28,15:35,928,935,7,3,35,0.0857142857142857,5.71428571428571,0.714285714285714,0,1,0,1,Video 1
117,15:29,15:37,929,937,8,2,35,0.0571428571428571,5,0.625,0,1,0,1,Video 1
118,15:38,15:45,938,945,7,1,35,0.0285714285714286,5.71428571428571,0.714285714285714,0,1,0,1,Video 1
119,15:41,15:48,941,948,7,2,35,0.0571428571428571,5.71428571428571,0.714285714285714,0,1,0,1,Video 1
120,15:51,15:58,951,958,7,2,35,0.0571428571428571,5.71428571428571,0.714285714285714,1,0,0,1,Video 1
121,16:07,16:20,967,980,13,3,35,0.0857142857142857,3.07692307692308,0.384615384615385,1,0,0,1,Video 1
122,16:09,16:22,969,982,13,3,35,0.0857142857142857,3.07692307692308,0.384615384615385,1,0,0,1,Video 1
123,16:11,16:25,971,985,14,4,35,0.114285714285714,2.85714285714286,0.357142857142857,1,1,0,2,Video 1
124,16:32,16:40,992,1000,8,1,35,0.0285714285714286,5,0.625,1,1,0,2,Video 1
125,16:40,16:52,1000,1012,12,2,35,0.0571428571428571,3.33333333333333,0.416666666666667,2,1,0,3,Video 1
126,16:45,16:54,1005,1014,9,4,35,0.114285714285714,4.44444444444445,0.555555555555556,2,0,0,2,Video 1
127,17:12,17:20,1032,1040,8,2,35,0.0571428571428571,5,0.625,0,1,0,1,Video 1
128,17:15,17:22,1035,1042,7,4,35,0.114285714285714,5.71428571428571,0.714285714285714,0,1,0,1,Video 1
129,17:16,17:23,1036,1043,7,5,35,0.142857142857143,5.71428571428571,0.714285714285714,0,1,0,1,Video 1
130,17:19,17:28,1039,1048,9,5,35,0.142857142857143,4.44444444444445,0.555555555555556,0,1,0,1,Video 1
131,17:39,17:51,1059,1071,12,4,35,0.114285714285714,3.33333333333333,0.416666666666667,1,0,0,1,Video 1
132,17:42,17:58,1062,1078,16,3,35,0.0857142857142857,2.5,0.3125,1,0,0,1,Video 1
133,17:44,17:54,1064,1074,10,3,35,0.0857142857142857,4,0.5,1,1,0,2,Video 1
134,17:46,17:57,1066,1077,11,3,35,0.0857142857142857,3.63636363636364,0.454545454545455,1,1,0,2,Video 1
135,17:48,17:59,1068,1079,11,4,35,0.114285714285714,3.63636363636364,0.454545454545455,0,1,0,1,Video 1
136,17:51,18:01,1071,1081,10,6,35,0.171428571428571,4,0.5,0,2,0,2,Video 1
137,17:54,18:04,1074,1084,10,7,35,0.2,4,0.5,0,2,0,2,Video 1
138,17:59,18:07,1079,1087,8,4,35,0.114285714285714,5,0.625,0,1,0,1,Video 1
139,19:51,20:00,1191,1200,9,3,35,0.0857142857142857,4.44444444444445,0.555555555555556,0,1,0,1,Video 1
140,22:39,22:44,1359,1364,5,2,35,0.0571428571428571,8,1,0,1,0,1,Video 1
141,22:41,22:47,1361,1367,6,3,35,0.0857142857142857,6.66666666666667,0.833333333333333,0,1,0,1,Video 1
142,22:46,22:52,1366,1372,6,3,35,0.0857142857142857,6.66666666666667,0.833333333333333,0,1,0,1,Video 1
143,22:47,22:53,1367,1373,6,3,35,0.0857142857142857,6.66666666666667,0.833333333333333,0,1,0,1,Video 1
144,22:48,22:54,1368,1374,6,3,35,0.0857142857142857,6.66666666666667,0.833333333333333,0,1,0,1,Video 1
145,22:50,22:57,1370,1377,7,3,35,0.0857142857142857,5.71428571428571,0.714285714285714,0,1,0,1,Video 1
146,22:52,23:00,1372,1380,8,5,35,0.142857142857143,5,0.625,0,3,0,3,Video 1
147,22:53,23:01,1373,1381,8,5,35,0.142857142857143,5,0.625,0,2,0,2,Video 1
148,22:56,23:04,1376,1384,8,5,35,0.142857142857143,5,0.625,0,2,0,2,Video 1
149,22:58,23:05,1378,1385,7,5,35,0.142857142857143,5.71428571428571,0.714285714285714,0,1,0,1,Video 1
150,23:09,23:17,1389,1397,8,1,35,0.0285714285714286,5,0.625,0,1,0,1,Video 1
151,23:10,23:18,1390,1398,8,2,35,0.0571428571428571,5,0.625,0,1,0,1,Video 1
152,23:11,23:20,1391,1400,9,3,35,0.0857142857142857,4.44444444444445,0.555555555555556,0,2,0,2,Video 1
153,23:14,23:22,1394,1402,8,5,35,0.142857142857143,5,0.625,0,2,0,2,Video 1
154,23:17,23:26,1397,1406,9,4,35,0.114285714285714,4.44444444444445,0.555555555555556,0,1,0,1,Video 1
155,23:21,23:29,1401,1409,8,2,35,0.0571428571428571,5,0.625,1,0,0,1,Video 1
156,23:29,23:36,1409,1416,7,3,35,0.0857142857142857,5.71428571428571,0.714285714285714,0,1,0,1,Video 1
157,23:49,24:07:00,1429,1447,18,4,35,0.114285714285714,2.22222222222222,0.277777777777778,1,1,0,2,Video 1
158,23:52,24:10:00,1432,1450,18,5,35,0.142857142857143,2.22222222222222,0.277777777777778,0,2,0,2,Video 1
159,24:01:00,24:13:00,1441,1453,12,6,35,0.171428571428571,3.33333333333333,0.416666666666667,1,1,0,2,Video 1
160,24:07:00,24:16:00,1447,1456,9,4,35,0.114285714285714,4.44444444444445,0.555555555555556,0,1,0,1,Video 1
161,24:10:00,24:19:00,1450,1459,9,4,35,0.114285714285714,4.44444444444445,0.555555555555556,0,1,0,1,Video 1
162,24:11:00,24:21:00,1451,1461,10,5,35,0.142857142857143,4,0.5,0,1,0,1,Video 1
163,24:12:00,24:20:00,1452,1460,8,5,35,0.142857142857143,5,0.625,0,1,0,1,Video 1
164,24:22:00,24:34:00,1462,1474,12,3,35,0.0857142857142857,3.33333333333333,0.416666666666667,0,1,0,1,Video 1
165,24:30:00,24:38:00,1470,1478,8,2,35,0.0571428571428571,5,0.625,0,1,0,1,Video 1
166,24:33:00,24:42:00,1473,1482,9,3,35,0.0857142857142857,4.44444444444445,0.555555555555556,0,1,0,1,Video 1
167,25:36:00,25:42:00,1536,1542,6,0,35,0,6.66666666666667,0.833333333333333,1,0,0,1,Video 1
168,25:40:00,25:46:00,1540,1546,6,1,35,0.0285714285714286,6.66666666666667,0.833333333333333,1,0,0,1,Video 1
169,25:46:00,25:57:00,1546,1557,11,2,35,0.0571428571428571,3.63636363636364,0.454545454545455,0,1,0,1,Video 1
170,25:47:00,25:52:00,1547,1552,5,2,35,0.0571428571428571,8,1,0,1,0,1,Video 1
171,25:50:00,25:55:00,1550,1555,5,2,35,0.0571428571428571,8,1,0,1,0,1,Video 1
172,25:52:00,25:58:00,1552,1558,6,2,35,0.0571428571428571,6.66666666666667,0.833333333333333,0,1,0,1,Video 1
173,26:20:00,26:31:00,1580,1591,11,2,35,0.0571428571428571,3.63636363636364,0.454545454545455,1,0,0,1,Video 1
174,26:23:00,26:31:00,1583,1591,8,1,35,0.0285714285714286,5,0.625,1,0,0,1,Video 1
175,26:25:00,26:35:00,1585,1595,10,3,35,0.0857142857142857,4,0.5,1,0,0,1,Video 1
176,27:18:00,27:25:00,1638,1645,7,2,35,0.0571428571428571,5.71428571428571,0.714285714285714,0,1,0,1,Video 1
177,27:19:00,27:28:00,1639,1648,9,2,35,0.0571428571428571,4.44444444444445,0.555555555555556,0,1,0,1,Video 1
178,27:27:00,28:10:00,1647,1690,43,2,35,0.0571428571428571,0.930232558139535,0.116279069767442,0,0,1,1,Video 1
179,27:46:00,27:56:00,1666,1676,10,1,35,0.0285714285714286,4,0.5,1,0,1,2,Video 1
180,27:49:00,27:58:00,1669,1678,9,1,35,0.0285714285714286,4.44444444444445,0.555555555555556,0,1,1,2,Video 1
181,27:51:00,28:00:00,1671,1680,9,2,35,0.0571428571428571,4.44444444444445,0.555555555555556,0,1,1,2,Video 1
182,27:53:00,28:02:00,1673,1682,9,4,35,0.114285714285714,4.44444444444445,0.555555555555556,0,1,1,2,Video 1
183,28:14:00,28:25:00,1694,1705,11,5,35,0.142857142857143,3.63636363636364,0.454545454545455,1,0,0,1,Video 1
184,28:15:00,28:23:00,1695,1703,8,6,35,0.171428571428571,5,0.625,1,0,0,1,Video 1
185,28:16:00,28:25:00,1696,1705,9,6,35,0.171428571428571,4.44444444444445,0.555555555555556,1,1,0,2,Video 1
186,28:16:00,28:27:00,1696,1707,11,6,35,0.171428571428571,3.63636363636364,0.454545454545455,1,1,0,2,Video 1
187,28:19:00,28:30:00,1699,1710,11,7,35,0.2,3.63636363636364,0.454545454545455,1,1,0,2,Video 1
188,28:23:00,28:34:00,1703,1714,11,6,35,0.171428571428571,3.63636363636364,0.454545454545455,1,1,0,2,Video 1
189,28:25:00,28:35:00,1705,1715,10,5,35,0.142857142857143,4,0.5,1,2,0,3,Video 1
190,28:33:00,28:48:00,1713,1728,15,3,35,0.0857142857142857,2.66666666666667,0.333333333333333,1,1,0,2,Video 1
191,28:37:00,28:50:00,1717,1730,13,3,35,0.0857142857142857,3.07692307692308,0.384615384615385,1,0,0,1,Video 1
192,28:49:00,29:01:00,1729,1741,12,6,35,0.171428571428571,3.33333333333333,0.416666666666667,1,0,0,1,Video 1
193,28:53:00,29:05:00,1733,1745,12,6,35,0.171428571428571,3.33333333333333,0.416666666666667,1,0,0,1,Video 1
194,28:56:00,29:06:00,1736,1746,10,5,35,0.142857142857143,4,0.5,1,1,0,2,Video 1
195,28:57:00,29:08:00,1737,1748,11,5,35,0.142857142857143,3.63636363636364,0.454545454545455,1,1,0,2,Video 1
196,28:58:00,29:09:00,1738,1749,11,6,35,0.171428571428571,3.63636363636364,0.454545454545455,0,1,0,1,Video 1
197,29:01:00,29:11:00,1741,1751,10,6,35,0.171428571428571,4,0.5,0,1,0,1,Video 1
198,29:03:00,29:13:00,1743,1753,10,6,35,0.171428571428571,4,0.5,0,1,0,1,Video 1
199,29:03:00,29:15:00,1743,1755,12,6,35,0.171428571428571,3.33333333333333,0.416666666666667,0,1,0,1,Video 1
200,29:30:00,29:46:00,1770,1786,16,3,35,0.0857142857142857,2.5,0.3125,0,1,0,1,Video 1
201,29:32:00,29:47:00,1772,1787,15,3,35,0.0857142857142857,2.66666666666667,0.333333333333333,0,1,0,1,Video 1
202,29:35:00,29:50:00,1775,1790,15,4,35,0.114285714285714,2.66666666666667,0.333333333333333,0,1,0,1,Video 1
203,29:36:00,29:52:00,1776,1792,16,4,35,0.114285714285714,2.5,0.3125,0,1,0,1,Video 1
204,29:58:00,30:10:00,1798,1810,12,5,35,0.142857142857143,3.33333333333333,0.416666666666667,2,0,0,2,Video 1
205,30:01:00,30:12:00,1801,1812,11,5,35,0.142857142857143,3.63636363636364,0.454545454545455,2,0,0,2,Video 1
206,30:02:00,30:14:00,1802,1814,12,5,35,0.142857142857143,3.33333333333333,0.416666666666667,2,0,0,2,Video 1
207,0:01:00,0:19:00,1,19,18,4,35,0.114285714285714,2.22222222222222,0.277777777777778,1,0,0,1,Video 2
208,0:05:00,0:22:00,5,22,17,6,35,0.171428571428571,2.35294117647059,0.294117647058824,1,0,0,1,Video 2
209,0:09:00,0:25:00,9,25,16,4,35,0.114285714285714,2.5,0.3125,1,0,0,1,Video 2
210,0:10:00,0:26:00,10,26,16,6,35,0.171428571428571,2.5,0.3125,1,0,0,1,Video 2
211,0:11:00,0:27:00,11,27,16,7,35,0.2,2.5,0.3125,1,0,0,1,Video 2
212,0:27:00,0:37:00,27,37,10,7,35,0.2,4,0.5,0,1,0,1,Video 2
213,0:29:00,0:41:00,29,41,12,7,35,0.2,3.33333333333333,0.416666666666667,0,1,0,1,Video 2
214,0:31:00,0:42:00,31,42,11,7,35,0.2,3.63636363636364,0.454545454545455,0,1,0,1,Video 2
215,0:33:00,0:44:00,33,44,11,7,35,0.2,3.63636363636364,0.454545454545455,0,1,0,1,Video 2
216,0:35:00,0:47:00,35,47,12,7,35,0.2,3.33333333333333,0.416666666666667,0,1,0,1,Video 2
217,0:48:00,0:57:00,48,57,9,1,35,0.0285714285714286,4.44444444444445,0.555555555555556,1,0,0,1,Video 2
218,1:14:00,1:21:00,74,81,7,1,35,0.0285714285714286,5.71428571428571,0.714285714285714,0,1,0,1,Video 2
219,1:20:00,1:26:00,80,86,6,3,35,0.0857142857142857,6.66666666666667,0.833333333333333,0,1,0,1,Video 2
220,2:14:00,2:21:00,134,141,7,1,35,0.0285714285714286,5.71428571428571,0.714285714285714,1,0,0,1,Video 2
221,2:17:00,2:25:00,137,145,8,1,35,0.0285714285714286,5,0.625,1,0,0,1,Video 2
222,2:29:00,2:40:00,149,160,11,2,35,0.0571428571428571,3.63636363636364,0.454545454545455,1,0,0,1,Video 2
223,2:41:00,2:50:00,161,170,9,1,35,0.0285714285714286,4.44444444444445,0.555555555555556,1,0,0,1,Video 2
224,2:53:00,3:00:00,173,180,7,2,35,0.0571428571428571,5.71428571428571,0.714285714285714,0,1,0,1,Video 2
225,2:54:00,3:06:00,174,186,12,3,35,0.0857142857142857,3.33333333333333,0.416666666666667,1,1,0,2,Video 2
226,2:57:00,3:07:00,177,187,10,3,35,0.0857142857142857,4,0.5,1,1,0,2,Video 2
227,3:00:00,3:11:00,180,191,11,3,35,0.0857142857142857,3.63636363636364,0.454545454545455,1,0,0,1,Video 2
228,3:05:00,3:15:00,185,195,10,3,35,0.0857142857142857,4,0.5,1,0,0,1,Video 2
229,3:11:00,3:22:00,191,202,11,1,35,0.0285714285714286,3.63636363636364,0.454545454545455,0,1,0,1,Video 2
230,3:13:00,3:19:00,193,199,6,2,35,0.0571428571428571,6.66666666666667,0.833333333333333,0,1,0,1,Video 2
231,4:02:00,4:13:00,242,253,11,4,35,0.114285714285714,3.63636363636364,0.454545454545455,1,0,0,1,Video 2
232,4:04:00,2:15:00,244,255,11,2,35,0.0571428571428571,3.63636363636364,0.454545454545455,1,1,0,2,Video 2
233,4:05:00,2:15:00,245,255,10,3,35,0.0857142857142857,4,0.5,1,1,0,2,Video 2
234,4:09:00,4:18:00,249,258,9,4,35,0.114285714285714,4.44444444444445,0.555555555555556,1,1,0,2,Video 2
235,4:14:00,4:29:00,254,269,15,3,35,0.0857142857142857,2.66666666666667,0.333333333333333,1,0,0,1,Video 2
236,4:17:00,4:34:00,257,274,17,4,35,0.114285714285714,2.35294117647059,0.294117647058824,1,1,0,2,Video 2
237,4:20:00,4:37:00,260,277,17,4,35,0.114285714285714,2.35294117647059,0.294117647058824,1,2,0,3,Video 2
238,4:22,4:39,262,279,17,3,35,0.0857142857142857,2.35294117647059,0.294117647058824,1,2,0,3,Video 2
239,4:25,4:35,265,275,10,5,35,0.142857142857143,4,0.5,0,2,0,2,Video 2
240,4:27,4:40,267,280,13,4,35,0.114285714285714,3.07692307692308,0.384615384615385,0,2,0,2,Video 2
241,4:28,4:41,268,281,13,6,35,0.171428571428571,3.07692307692308,0.384615384615385,0,2,0,2,Video 2
242,4:31,4:44,271,284,13,6,35,0.171428571428571,3.07692307692308,0.384615384615385,0,2,0,2,Video 2
243,4:33,4:47,273,287,14,6,35,0.171428571428571,2.85714285714286,0.357142857142857,0,1,0,1,Video 2
244,4:35,4:50,275,290,15,6,35,0.171428571428571,2.66666666666667,0.333333333333333,0,1,0,1,Video 2
245,4:38,4:54,278,294,16,7,35,0.2,2.5,0.3125,0,1,0,1,Video 2
246,5:13,5:24,313,324,11,8,35,0.228571428571429,3.63636363636364,0.454545454545455,0,1,0,1,Video 2
247,5:21,5:27,321,327,6,2,35,0.0571428571428571,6.66666666666667,0.833333333333333,0,2,0,2,Video 2
248,5:25,5:32,325,332,7,1,35,0.0285714285714286,5.71428571428571,0.714285714285714,0,1,0,1,Video 2
249,5:59,6:08,359,368,9,3,35,0.0857142857142857,4.44444444444445,0.555555555555556,0,1,1,2,Video 2
250,6:02,6:11,362,371,9,2,35,0.0571428571428571,4.44444444444445,0.555555555555556,0,1,0,1,Video 2
251,00:04,00:50,4,50,46,16,35,0.457142857142857,0.869565217391304,0.108695652173913,0,1,0,1,Video 4
252,00:35,01:00,35,60,25,11,35,0.314285714285714,1.6,0.2,0,1,0,1,Video 4
253,00:35,01:01,35,61,26,11,35,0.314285714285714,1.53846153846154,0.192307692307692,0,1,0,1,Video 4
254,00:38,01:06,38,66,28,9,35,0.257142857142857,1.42857142857143,0.178571428571429,0,1,0,1,Video 4
255,00:43,01:22,43,82,39,9,35,0.257142857142857,1.02564102564103,0.128205128205128,0,2,0,2,Video 4
256,00:44,01:15,44,75,31,11,35,0.314285714285714,1.29032258064516,0.161290322580645,0,2,0,2,Video 4
257,00:49,01:22,49,82,33,13,35,0.371428571428571,1.21212121212121,0.151515151515152,1,2,0,3,Video 4
258,00:51,01:30,51,100,49,13,35,0.371428571428571,0.816326530612245,0.102040816326531,1,2,0,3,Video 4
259,00:54,01:37,54,103,49,12,35,0.342857142857143,0.816326530612245,0.102040816326531,1,3,0,4,Video 4
260,00:56,02:12,56,132,76,11,35,0.314285714285714,0.526315789473684,0.0657894736842105,1,3,0,4,Video 4
261,01:02,02:40,62,160,98,10,35,0.285714285714286,0.408163265306122,0.0510204081632653,1,2,0,3,Video 4
262,01:04,02:53,64,173,109,11,35,0.314285714285714,0.36697247706422,0.0458715596330275,0,2,0,2,Video 4
263,01:08,01:42,68,82,14,10,35,0.285714285714286,2.85714285714286,0.357142857142857,0,3,0,3,Video 4
264,01:10,02:59,70,179,109,11,35,0.314285714285714,0.36697247706422,0.0458715596330275,0,3,0,3,Video 4
265,01:16,01:51,76,111,35,13,35,0.371428571428571,1.14285714285714,0.142857142857143,0,4,0,4,Video 4
266,01:20,02:05,80,125,45,12,35,0.342857142857143,0.888888888888889,0.111111111111111,0,4,0,4,Video 4
267,01:24,02:35,84,135,51,14,35,0.4,0.784313725490196,0.0980392156862745,0,5,0,5,Video 4
268,01:41,02:53,101,173,72,12,35,0.342857142857143,0.555555555555556,0.0694444444444445,0,3,0,3,Video 4
269,01:41,03:04,101,184,83,12,35,0.342857142857143,0.481927710843374,0.0602409638554217,0,3,0,3,Video 4
270,01:47,02:57,107,177,70,14,35,0.4,0.571428571428571,0.0714285714285714,0,3,0,3,Video 4
271,01:49,03:10,109,190,81,14,35,0.4,0.493827160493827,0.0617283950617284,0,3,0,3,Video 4
272,01:53,03:01,113,181,68,15,35,0.428571428571429,0.588235294117647,0.0735294117647059,0,3,0,3,Video 4
273,02:00,03:43,120,223,103,15,35,0.428571428571429,0.388349514563107,0.0485436893203884,0,4,0,4,Video 4
274,02:01,03:08,121,188,67,15,35,0.428571428571429,0.597014925373134,0.0746268656716418,0,5,0,5,Video 4
275,02:27,03:13,147,193,46,16,35,0.457142857142857,0.869565217391304,0.108695652173913,0,5,0,5,Video 4
276,02:32,03:16,152,196,44,17,35,0.485714285714286,0.909090909090909,0.113636363636364,0,5,0,5,Video 4
277,02:33,03:17,153,197,44,17,35,0.485714285714286,0.909090909090909,0.113636363636364,1,5,0,6,Video 4
278,03:00,03:20,180,200,20,13,35,0.371428571428571,2,0.25,2,2,0,4,Video 4
279,03:01,03:24,181,204,23,11,35,0.314285714285714,1.73913043478261,0.217391304347826,2,2,0,4,Video 4
280,03:04,03:28,184,208,24,10,35,0.285714285714286,1.66666666666667,0.208333333333333,2,2,0,4,Video 4
281,03:06,3:25,186,205,19,11,35,0.314285714285714,2.10526315789474,0.263157894736842,0,2,0,2,Video 4
282,3:10,3:33,190,213,23,10,35,0.285714285714286,1.73913043478261,0.217391304347826,0,1,0,1,Video 4
283,3:42,4:07,222,247,25,13,35,0.371428571428571,1.6,0.2,0,1,0,1,Video 4
284,3:43,4:03,223,243,20,13,35,0.371428571428571,2,0.25,0,1,0,1,Video 4
285,3:48,4:18,228,258,30,11,35,0.314285714285714,1.33333333333333,0.166666666666667,0,1,0,1,Video 4
286,3:50,4:14,230,254,24,10,35,0.285714285714286,1.66666666666667,0.208333333333333,0,1,0,1,Video 4
287,3:52,4:12,232,252,20,10,35,0.285714285714286,2,0.25,2,1,0,3,Video 4
288,3:56,4:18,236,258,22,10,35,0.285714285714286,1.81818181818182,0.227272727272727,2,1,0,3,Video 4
289,4:00,4:21,240,261,21,11,35,0.314285714285714,1.9047619047619,0.238095238095238,0,1,0,1,Video 4
290,4:04,4:30,244,270,26,11,35,0.314285714285714,1.53846153846154,0.192307692307692,1,0,0,1,Video 4
291,4:04,4:44,244,284,40,11,35,0.314285714285714,1,0.125,1,0,0,1,Video 4
292,4:08,4:33,248,273,25,12,35,0.342857142857143,1.6,0.2,1,0,0,1,Video 4
293,4:09,4:42,249,282,33,11,35,0.314285714285714,1.21212121212121,0.151515151515152,1,0,0,1,Video 4
294,4:18,5:01,258,301,43,11,35,0.314285714285714,0.930232558139535,0.116279069767442,1,0,0,1,Video 4
295,4:19,5:02,259,302,43,10,35,0.285714285714286,0.930232558139535,0.116279069767442,4,0,0,4,Video 4
296,4:26,4:49,266,289,23,13,35,0.371428571428571,1.73913043478261,0.217391304347826,4,0,0,4,Video 4
297,4:26,4:53,266,293,27,13,35,0.371428571428571,1.48148148148148,0.185185185185185,2,0,0,2,Video 4
298,4:30,4:53,270,293,23,13,35,0.371428571428571,1.73913043478261,0.217391304347826,1,0,0,1,Video 4
299,4:30,4:58,270,298,28,13,35,0.371428571428571,1.42857142857143,0.178571428571429,1,0,0,1,Video 4
300,4:33,4:59,273,299,26,15,35,0.428571428571429,1.53846153846154,0.192307692307692,1,0,0,1,Video 4
301,4:42,5:07,282,307,25,14,35,0.4,1.6,0.2,4,0,0,4,Video 4
302,4:55,5:19,295,319,24,10,35,0.285714285714286,1.66666666666667,0.208333333333333,1,1,0,2,Video 4
303,4:57,5:23,297,323,26,12,35,0.342857142857143,1.53846153846154,0.192307692307692,1,0,0,1,Video 4
304,5:00,5:20,300,320,20,12,35,0.342857142857143,2,0.25,0,1,0,1,Video 4
305,5:02,5:29,302,329,27,12,35,0.342857142857143,1.48148148148148,0.185185185185185,0,1,0,1,Video 4
306,5:04,5:25,304,325,21,13,35,0.371428571428571,1.9047619047619,0.238095238095238,0,1,0,1,Video 4
307,5:08,5:38,308,338,30,12,35,0.342857142857143,1.33333333333333,0.166666666666667,0,1,0,1,Video 4
308,5:29,6:17,329,377,48,15,35,0.428571428571429,0.833333333333333,0.104166666666667,0,1,0,1,Video 4
309,5:30,6:23,330,383,53,15,35,0.428571428571429,0.754716981132076,0.0943396226415094,0,1,0,1,Video 4
310,5:33,6:22,333,382,49,16,35,0.457142857142857,0.816326530612245,0.102040816326531,0,1,0,1,Video 4
311,5:34,6:26,334,386,52,16,35,0.457142857142857,0.769230769230769,0.0961538461538462,0,1,0,1,Video 4
312,5:38,6:27,338,387,49,15,35,0.428571428571429,0.816326530612245,0.102040816326531,0,1,0,1,Video 4
313,5:40,6:34,340,394,54,16,35,0.457142857142857,0.740740740740741,0.0925925925925926,0,1,0,1,Video 4
314,5:44,6:32,344,392,48,16,35,0.457142857142857,0.833333333333333,0.104166666666667,0,1,0,1,Video 4
315,5:45,6:39,345,399,54,15,35,0.428571428571429,0.740740740740741,0.0925925925925926,0,1,0,1,Video 4
316,5:50,6:37,350,397,47,18,35,0.514285714285714,0.851063829787234,0.106382978723404,4,1,0,5,Video 4
317,6:06,6:43,366,403,37,19,35,0.542857142857143,1.08108108108108,0.135135135135135,1,2,0,3,Video 4
318,6:10,6:41,370,401,31,17,35,0.485714285714286,1.29032258064516,0.161290322580645,2,2,0,4,Video 4
319,6:12,7:09,372,429,57,17,35,0.485714285714286,0.701754385964912,0.087719298245614,2,2,0,4,Video 4
320,6:17,6:46,377,406,29,15,35,0.428571428571429,1.37931034482759,0.172413793103448,0,2,0,2,Video 4
321,6:26,7:26,386,446,60,15,35,0.428571428571429,0.666666666666667,0.0833333333333333,0,1,0,1,Video 4
322,6:43,7:41,403,461,58,15,35,0.428571428571429,0.689655172413793,0.0862068965517241,0,1,0,1,Video 4
323,6:43,7:48,403,468,65,15,35,0.428571428571429,0.615384615384615,0.0769230769230769,0,1,0,1,Video 4
324,6:46,7:53,406,473,67,14,35,0.4,0.597014925373134,0.0746268656716418,0,2,0,2,Video 4
325,6:48,7:50,408,470,62,14,35,0.4,0.645161290322581,0.0806451612903226,0,3,0,3,Video 4
326,6:59,8:00,419,480,61,14,35,0.4,0.655737704918033,0.0819672131147541,0,2,0,2,Video 4
327,7:02,7:52,422,472,50,15,35,0.428571428571429,0.8,0.1,0,2,0,2,Video 4
328,7:06,8:12,426,492,66,17,35,0.485714285714286,0.606060606060606,0.0757575757575758,4,2,0,6,Video 4
329,7:45,8:02,465,482,17,9,35,0.257142857142857,2.35294117647059,0.294117647058824,0,3,0,3,Video 4
330,7:49,8:05,469,485,16,10,35,0.285714285714286,2.5,0.3125,0,1,0,1,Video 4
331,7:49,8:22,469,502,33,10,35,0.285714285714286,1.21212121212121,0.151515151515152,0,1,0,1,Video 4
332,7:54,8:11,474,491,17,10,35,0.285714285714286,2.35294117647059,0.294117647058824,0,1,0,1,Video 4
333,7:55,8:13,475,493,18,10,35,0.285714285714286,2.22222222222222,0.277777777777778,0,1,0,1,Video 4
334,8:00,8:17,480,497,17,10,35,0.285714285714286,2.35294117647059,0.294117647058824,1,1,0,2,Video 4
335,8:01,8:13,481,493,12,11,35,0.314285714285714,3.33333333333333,0.416666666666667,0,1,0,1,Video 4
336,8:03,8:16,483,496,13,11,35,0.314285714285714,3.07692307692308,0.384615384615385,0,1,0,1,Video 4
337,8:06,8:33,486,513,27,11,35,0.314285714285714,1.48148148148148,0.185185185185185,0,1,0,1,Video 4
338,8:07,8:21,487,501,14,12,35,0.342857142857143,2.85714285714286,0.357142857142857,0,1,0,1,Video 4
339,8:10,8:24,490,504,14,10,35,0.285714285714286,2.85714285714286,0.357142857142857,0,1,0,1,Video 4
340,8:13,8:29,493,509,16,10,35,0.285714285714286,2.5,0.3125,0,1,0,1,Video 4
341,8:14,8:30,494,510,16,10,35,0.285714285714286,2.5,0.3125,0,1,0,1,Video 4
342,8:16,8:33,496,513,17,8,35,0.228571428571429,2.35294117647059,0.294117647058824,0,1,0,1,Video 4
343,8:18,8:36,498,516,18,8,35,0.228571428571429,2.22222222222222,0.277777777777778,0,2,0,2,Video 4
344,8:20,8:40,500,520,20,8,35,0.228571428571429,2,0.25,0,2,0,2,Video 4
345,8:23,8:43,503,569,66,8,35,0.228571428571429,0.606060606060606,0.0757575757575758,0,3,0,3,Video 4
346,8:24,8:44,504,524,20,8,35,0.228571428571429,2,0.25,1,3,0,4,Video 4
347,8:26,8:46,506,526,20,9,35,0.257142857142857,2,0.25,0,3,0,3,Video 4
348,8:30,8:43,510,523,13,9,35,0.257142857142857,3.07692307692308,0.384615384615385,0,3,0,3,Video 4
349,8:33,8:55,513,535,22,8,35,0.228571428571429,1.81818181818182,0.227272727272727,0,2,1,3,Video 4
350,8:34,8:57,514,537,23,9,35,0.257142857142857,1.73913043478261,0.217391304347826,0,2,1,3,Video 4
351,8:38,9:05,518,545,27,11,35,0.314285714285714,1.48148148148148,0.185185185185185,0,0,1,1,Video 4
352,8:39,9:05,519,545,26,11,35,0.314285714285714,1.53846153846154,0.192307692307692,0,1,0,1,Video 4
353,8:43,9:14,523,554,31,12,35,0.342857142857143,1.29032258064516,0.161290322580645,3,0,0,3,Video 4
354,8:47,9:24,527,564,37,13,35,0.371428571428571,1.08108108108108,0.135135135135135,0,2,0,2,Video 4
355,8:51,9:29,531,569,38,12,35,0.342857142857143,1.05263157894737,0.131578947368421,0,1,0,1,Video 4
356,8:53,9:34,533,574,41,13,35,0.371428571428571,0.975609756097561,0.121951219512195,0,3,0,3,Video 4
357,8:56,9:33,536,573,37,12,35,0.342857142857143,1.08108108108108,0.135135135135135,0,3,0,3,Video 4
358,9:01,9:33,541,573,32,13,35,0.371428571428571,1.25,0.15625,3,0,0,3,Video 4
359,9:02,9:36,542,576,34,13,35,0.371428571428571,1.17647058823529,0.147058823529412,3,0,0,3,Video 4
360,9:07,9:38,547,578,31,12,35,0.342857142857143,1.29032258064516,0.161290322580645,0,3,0,3,Video 4
361,9:08,9:40,548,580,32,12,35,0.342857142857143,1.25,0.15625,0,3,0,3,Video 4
362,9:13,9:42,553,582,29,13,35,0.371428571428571,1.37931034482759,0.172413793103448,0,2,0,2,Video 4
363,9:16,9:49,556,589,33,13,35,0.371428571428571,1.21212121212121,0.151515151515152,0,2,0,2,Video 4
364,9:21,10:52,561,652,91,13,35,0.371428571428571,0.43956043956044,0.0549450549450549,0,2,0,2,Video 4
365,9:24,9:53,564,593,29,14,35,0.4,1.37931034482759,0.172413793103448,0,1,0,1,Video 4
366,9:26,9:57,566,597,31,14,35,0.4,1.29032258064516,0.161290322580645,0,1,0,1,Video 4
367,9:32,10:08,572,608,36,14,35,0.4,1.11111111111111,0.138888888888889,1,0,0,1,Video 4
368,9:35,9:55,575,595,20,13,35,0.371428571428571,2,0.25,2,0,0,2,Video 4
369,9:38,10:13,578,613,35,16,35,0.457142857142857,1.14285714285714,0.142857142857143,1,0,0,1,Video 4
370,9:39,10:01,579,601,22,16,35,0.457142857142857,1.81818181818182,0.227272727272727,1,0,0,1,Video 4
371,9:55,10:20,595,620,25,12,35,0.342857142857143,1.6,0.2,2,0,0,2,Video 4
372,9:56,10:38,596,638,42,12,35,0.342857142857143,0.952380952380952,0.119047619047619,2,0,0,2,Video 4
373,9:59,10:26,599,626,27,14,35,0.4,1.48148148148148,0.185185185185185,0,1,0,1,Video 4
374,10:00,10:46,600,646,46,14,35,0.4,0.869565217391304,0.108695652173913,0,1,0,1,Video 4
375,10:03,10:50,603,650,47,13,35,0.371428571428571,0.851063829787234,0.106382978723404,0,1,0,1,Video 4
376,10:06,10:33,606,633,27,12,35,0.342857142857143,1.48148148148148,0.185185185185185,0,1,0,1,Video 4
377,10:09,10:55,609,655,46,13,35,0.371428571428571,0.869565217391304,0.108695652173913,0,1,0,1,Video 4
378,10:12,10:38,612,638,26,15,35,0.428571428571429,1.53846153846154,0.192307692307692,0,1,0,1,Video 4
379,10:16,10:58,616,658,42,15,35,0.428571428571429,0.952380952380952,0.119047619047619,0,1,0,1,Video 4
380,10:18,11:19,618,679,61,12,35,0.342857142857143,0.655737704918033,0.0819672131147541,0,1,0,1,Video 4
381,10:45,11:40,645,705,60,12,35,0.342857142857143,0.666666666666667,0.0833333333333333,1,0,0,1,Video 4
382,10:47,11:24,647,684,37,11,35,0.314285714285714,1.08108108108108,0.135135135135135,1,0,0,1,Video 4
383,10:51,11:28,651,688,37,10,35,0.285714285714286,1.08108108108108,0.135135135135135,2,0,0,2,Video 4
384,10:53,11:34,653,694,41,12,35,0.342857142857143,0.975609756097561,0.121951219512195,1,0,0,1,Video 4
385,10:53,11:42,653,702,49,12,35,0.342857142857143,0.816326530612245,0.102040816326531,1,0,0,1,Video 4
386,11:54,12:39,714,759,45,10,35,0.285714285714286,0.888888888888889,0.111111111111111,0,1,0,1,Video 4
387,11:57,12:30,717,750,33,10,35,0.285714285714286,1.21212121212121,0.151515151515152,0,1,0,1,Video 4
388,11:58,13:01,718,781,63,9,35,0.257142857142857,0.634920634920635,0.0793650793650794,0,1,0,1,Video 4
389,11:59,12:56,719,776,57,9,35,0.257142857142857,0.701754385964912,0.087719298245614,0,1,0,1,Video 4
390,12:01,13:10,721,790,69,9,35,0.257142857142857,0.579710144927536,0.072463768115942,0,1,0,1,Video 4
391,12:04,13:20,724,800,76,11,35,0.314285714285714,0.526315789473684,0.0657894736842105,1,1,0,2,Video 4
392,12:04,13:03,724,783,59,11,35,0.314285714285714,0.677966101694915,0.0847457627118644,1,1,0,2,Video 4
393,12:06,12:20,726,740,14,11,35,0.314285714285714,2.85714285714286,0.357142857142857,1,1,0,2,Video 4
394,12:07,13:26,727,806,79,12,35,0.342857142857143,0.506329113924051,0.0632911392405063,1,1,0,2,Video 4
395,12:09,13:15,729,795,66,12,35,0.342857142857143,0.606060606060606,0.0757575757575758,0,1,0,1,Video 4
396,12:10,13:49,730,829,99,12,35,0.342857142857143,0.404040404040404,0.0505050505050505,0,1,0,1,Video 4
397,12:13,13:53,733,833,100,13,35,0.371428571428571,0.4,0.05,0,1,0,1,Video 4
398,12:13,13:21,733,801,68,13,35,0.371428571428571,0.588235294117647,0.0735294117647059,0,1,0,1,Video 4
399,12:16,13:28,736,808,72,11,35,0.314285714285714,0.555555555555556,0.0694444444444445,0,1,0,1,Video 4
400,12:20,13:50,740,830,90,13,35,0.371428571428571,0.444444444444444,0.0555555555555556,0,1,0,1,Video 4
401,12:23,13:56,743,836,93,15,35,0.428571428571429,0.43010752688172,0.0537634408602151,0,1,0,1,Video 4
402,12:26,13:57,746,837,91,16,35,0.457142857142857,0.43956043956044,0.0549450549450549,0,1,0,1,Video 4
403,12:30,14:01,750,841,91,17,35,0.485714285714286,0.43956043956044,0.0549450549450549,0,1,0,1,Video 4
404,13:22,14:55,802,895,93,15,35,0.428571428571429,0.43010752688172,0.0537634408602151,1,0,0,1,Video 4
405,13:22,15:17,802,917,115,15,35,0.428571428571429,0.347826086956522,0.0434782608695652,1,0,0,1,Video 4
406,14:08,15:43,848,943,95,15,35,0.428571428571429,0.421052631578947,0.0526315789473684,0,1,0,1,Video 4
407,14:08,15:50,848,950,102,15,35,0.428571428571429,0.392156862745098,0.0490196078431373,0,1,0,1,Video 4
408,14:12,16:08,852,968,116,17,35,0.485714285714286,0.344827586206897,0.0431034482758621,0,1,0,1,Video 4
409,14:17,16:45,857,1005,148,17,35,0.485714285714286,0.27027027027027,0.0337837837837838,0,1,0,1,Video 4
410,14:24,16:14,864,974,110,17,35,0.485714285714286,0.363636363636364,0.0454545454545455,8,1,0,9,Video 4
411,15:03,16:54,903,1014,111,14,35,0.4,0.36036036036036,0.045045045045045,0,2,0,2,Video 4
412,15:09,16:59,909,1019,110,14,35,0.4,0.363636363636364,0.0454545454545455,0,3,0,3,Video 4
413,15:10,16:44,910,1004,94,14,35,0.4,0.425531914893617,0.0531914893617021,0,3,0,3,Video 4
414,15:10,16:36,910,996,86,14,35,0.4,0.465116279069767,0.0581395348837209,0,3,0,3,Video 4
415,15:18,17:04,918,1024,106,16,35,0.457142857142857,0.377358490566038,0.0471698113207547,2,3,0,5,Video 4
416,15:28,17:07,928,1027,99,15,35,0.428571428571429,0.404040404040404,0.0505050505050505,1,3,0,4,Video 4
417,15:44,17:09,944,1029,85,11,35,0.314285714285714,0.470588235294118,0.0588235294117647,3,3,0,6,Video 4
418,15:45,17:26,945,1046,101,12,35,0.342857142857143,0.396039603960396,0.0495049504950495,0,3,0,3,Video 4
419,15:47,17:19,947,1039,92,14,35,0.4,0.434782608695652,0.0543478260869565,1,3,0,4,Video 4
420,15:48,16:05,948,965,17,15,35,0.428571428571429,2.35294117647059,0.294117647058824,1,3,0,4,Video 4
421,15:50,17:29,950,1049,99,16,35,0.457142857142857,0.404040404040404,0.0505050505050505,1,3,0,4,Video 4
422,15:53,17:31,953,1051,98,17,35,0.485714285714286,0.408163265306122,0.0510204081632653,1,4,0,5,Video 4
423,15:55,17:17,955,1037,82,18,35,0.514285714285714,0.487804878048781,0.0609756097560976,1,5,0,6,Video 4
424,15:56,17:56,956,1076,120,20,35,0.571428571428571,0.333333333333333,0.0416666666666667,1,5,0,6,Video 4
425,16:05,17:47,965,1067,102,21,35,0.6,0.392156862745098,0.0490196078431373,1,6,0,7,Video 4
426,16:23,17:42,983,1062,79,20,35,0.571428571428571,0.506329113924051,0.0632911392405063,1,6,0,7,Video 4
427,16:48,17:45,1008,1065,57,17,35,0.485714285714286,0.701754385964912,0.087719298245614,1,4,0,5,Video 4
428,16:51,17:48,1011,1068,57,16,35,0.457142857142857,0.701754385964912,0.087719298245614,1,4,0,5,Video 4
429,17:04,18:34,1024,1114,90,15,35,0.428571428571429,0.444444444444444,0.0555555555555556,2,4,0,6,Video 4
430,17:23,18:26,1043,1106,63,11,35,0.314285714285714,0.634920634920635,0.0793650793650794,1,2,0,3,Video 4
431,17:28,21:02,1048,1262,214,10,35,0.285714285714286,0.186915887850467,0.0233644859813084,1,2,0,3,Video 4
432,17:29,18:36,1049,1116,67,11,35,0.314285714285714,0.597014925373134,0.0746268656716418,1,2,0,3,Video 4
433,17:32,19:19,1052,1159,107,10,35,0.285714285714286,0.373831775700935,0.0467289719626168,1,2,0,3,Video 4
434,17:32,22:24,1052,1344,292,10,35,0.285714285714286,0.136986301369863,0.0171232876712329,1,2,0,3,Video 4
435,17:36,23:07,1056,1387,331,10,35,0.285714285714286,0.120845921450151,0.0151057401812689,1,2,0,3,Video 4
436,17:39,20:55,1059,1255,196,10,35,0.285714285714286,0.204081632653061,0.0255102040816327,1,2,0,3,Video 4
437,17:41,23:14,1061,1394,333,11,35,0.314285714285714,0.12012012012012,0.015015015015015,1,2,0,3,Video 4
438,17:45,21:02,1065,1262,197,12,35,0.342857142857143,0.203045685279188,0.0253807106598985,1,2,0,3,Video 4
439,17:45,23:18,1065,1398,333,12,35,0.342857142857143,0.12012012012012,0.015015015015015,1,2,0,3,Video 4
440,17:50,18:25,1070,1105,35,11,35,0.314285714285714,1.14285714285714,0.142857142857143,0,2,0,2,Video 4
441,18:03,21:08,1083,1268,185,12,35,0.342857142857143,0.216216216216216,0.027027027027027,3,2,0,5,Video 4
442,18:05,18:33,1085,1113,28,14,35,0.4,1.42857142857143,0.178571428571429,0,2,0,2,Video 4
443,18:06,21:13,1086,1273,187,15,35,0.428571428571429,0.213903743315508,0.0267379679144385,3,2,0,5,Video 4
444,18:10,23:24,1090,1404,314,16,35,0.457142857142857,0.127388535031847,0.0159235668789809,3,2,0,5,Video 4
445,18:12,21:23,1092,1283,191,17,35,0.485714285714286,0.209424083769634,0.0261780104712042,3,2,0,5,Video 4
446,18:25,23:32,1105,1412,307,17,35,0.485714285714286,0.130293159609121,0.0162866449511401,3,2,0,5,Video 4
447,18:46,23:30,1126,1410,284,15,35,0.428571428571429,0.140845070422535,0.0176056338028169,3,2,0,5,Video 4
448,18:50,22:27,1130,1347,217,15,35,0.428571428571429,0.184331797235023,0.0230414746543779,3,1,0,4,Video 4
449,18:57,22:39,1137,1359,222,15,35,0.428571428571429,0.18018018018018,0.0225225225225225,3,2,0,5,Video 4
450,21:12,23:05,1272,1385,113,11,35,0.314285714285714,0.353982300884956,0.0442477876106195,0,1,0,1,Video 4
451,21:12,23:35,1272,1415,143,11,35,0.314285714285714,0.27972027972028,0.034965034965035,0,1,0,1,Video 4
452,21:18,23:12,1278,1392,114,13,35,0.371428571428571,0.350877192982456,0.043859649122807,0,1,0,1,Video 4
453,21:22,23:17,1282,1397,115,13,35,0.371428571428571,0.347826086956522,0.0434782608695652,0,1,0,1,Video 4
454,21:26,23:29,1286,1409,123,14,35,0.4,0.32520325203252,0.040650406504065,0,1,0,1,Video 4
455,21:30,23:35,1290,1415,125,14,35,0.4,0.32,0.04,0,1,0,1,Video 4
456,21:32,23:45,1292,1425,133,14,35,0.4,0.300751879699248,0.037593984962406,0,1,0,1,Video 4
457,21:48,23:48,1308,1428,120,16,35,0.457142857142857,0.333333333333333,0.0416666666666667,0,1,0,1,Video 4
458,21:50,23:08,1310,1388,78,17,35,0.485714285714286,0.512820512820513,0.0641025641025641,0,1,0,1,Video 4
459,22:58,23:54,1378,1434,56,15,35,0.428571428571429,0.714285714285714,0.0892857142857143,1,0,0,1,Video 4
460,23:07,23:59,1387,1439,52,15,35,0.428571428571429,0.769230769230769,0.0961538461538462,1,0,0,1,Video 4
461,23:11,24:02:00,1391,1442,51,15,35,0.428571428571429,0.784313725490196,0.0980392156862745,1,0,0,1,Video 4
462,23:34,23:59,1414,1439,25,12,35,0.342857142857143,1.6,0.2,1,0,0,1,Video 4
463,23:35,23:56,1415,1436,21,14,35,0.4,1.9047619047619,0.238095238095238,1,0,0,1,Video 4
464,23:38,24:13:00,1418,1453,35,12,35,0.342857142857143,1.14285714285714,0.142857142857143,1,0,0,1,Video 4
465,23:41,24:14:00,1421,1454,33,11,35,0.314285714285714,1.21212121212121,0.151515151515152,1,1,0,2,Video 4
466,23:44,24:11:00,1424,1451,27,9,35,0.257142857142857,1.48148148148148,0.185185185185185,1,1,0,2,Video 4
467,23:51,26:02:00,1431,1562,131,9,35,0.257142857142857,0.305343511450382,0.0381679389312977,0,1,0,1,Video 4
468,23:55,24:20:00,1435,1460,25,10,35,0.285714285714286,1.6,0.2,0,1,0,1,Video 4
469,23:55,26:19:00,1435,1579,144,10,35,0.285714285714286,0.277777777777778,0.0347222222222222,0,1,0,1,Video 4
470,23:59,24:25:00,1439,1465,26,9,35,0.257142857142857,1.53846153846154,0.192307692307692,0,1,0,1,Video 4
471,24:01:00,25:47:00,1441,1547,106,10,35,0.285714285714286,0.377358490566038,0.0471698113207547,0,1,0,1,Video 4
472,24:01:00,26:24:00,1441,1584,143,10,35,0.285714285714286,0.27972027972028,0.034965034965035,0,1,0,1,Video 4
473,24:05:00,25:52:00,1445,1552,107,11,35,0.314285714285714,0.373831775700935,0.0467289719626168,0,1,0,1,Video 4
474,24:05:00,26:29:00,1445,1589,144,11,35,0.314285714285714,0.277777777777778,0.0347222222222222,0,1,0,1,Video 4
475,24:08:00,25:55:00,1448,1555,107,12,35,0.342857142857143,0.373831775700935,0.0467289719626168,0,1,0,1,Video 4
476,24:09:00,26:37:00,1449,1597,148,13,35,0.371428571428571,0.27027027027027,0.0337837837837838,0,1,0,1,Video 4
477,24:12:00,26:43:00,1452,1603,151,14,35,0.4,0.264900662251656,0.033112582781457,0,3,0,3,Video 4
478,24:12:00,26:10:00,1452,1570,118,14,35,0.4,0.338983050847458,0.0423728813559322,0,3,0,3,Video 4
479,24:16:00,26:22:00,1456,1582,126,13,35,0.371428571428571,0.317460317460317,0.0396825396825397,0,2,0,2,Video 4
480,24:17:00,26:50:00,1457,1610,153,14,35,0.4,0.261437908496732,0.0326797385620915,0,2,0,2,Video 4
481,24:21:00,27:18:00,1461,1638,177,14,35,0.4,0.225988700564972,0.0282485875706215,0,2,0,2,Video 4
482,24:22:00,26:30:00,1462,1590,128,14,35,0.4,0.3125,0.0390625,0,2,0,2,Video 4
483,24:27:00,26:49:00,1467,1609,142,16,35,0.457142857142857,0.28169014084507,0.0352112676056338,0,2,0,2,Video 4
484,24:28:00,26:47:00,1468,1607,139,17,35,0.485714285714286,0.287769784172662,0.0359712230215827,0,2,0,2,Video 4
485,24:34:00,27:35:00,1474,1655,181,17,35,0.485714285714286,0.220994475138122,0.0276243093922652,0,3,0,3,Video 4
486,26:08:00,27:46:00,1568,1666,98,10,35,0.285714285714286,0.408163265306122,0.0510204081632653,0,2,0,2,Video 4
487,26:13:00,28:30:00,1573,1710,137,10,35,0.285714285714286,0.291970802919708,0.0364963503649635,1,2,0,3,Video 4
488,26:18:00,27:44:00,1578,1664,86,11,35,0.314285714285714,0.465116279069767,0.0581395348837209,1,2,0,3,Video 4
489,26:18:00,28:35:00,1578,1715,137,11,35,0.314285714285714,0.291970802919708,0.0364963503649635,3,2,0,5,Video 4
490,26:24:00,26:47:00,1584,1607,23,11,35,0.314285714285714,1.73913043478261,0.217391304347826,3,2,0,5,Video 4
491,26:38:00,29:14:00,1598,1754,156,11,35,0.314285714285714,0.256410256410256,0.0320512820512821,3,2,0,5,Video 4
492,26:41:00,27:50:00,1601,1670,69,12,35,0.342857142857143,0.579710144927536,0.072463768115942,1,2,0,3,Video 4
493,26:46:00,29:18:00,1606,1758,152,12,35,0.342857142857143,0.263157894736842,0.0328947368421053,3,1,0,4,Video 4
494,26:47:00,27:57:00,1607,1677,70,13,35,0.371428571428571,0.571428571428571,0.0714285714285714,1,1,0,2,Video 4
495,26:52:00,28:30:00,1612,1710,98,13,35,0.371428571428571,0.408163265306122,0.0510204081632653,1,1,0,2,Video 4
496,26:57:00,29:23:00,1617,1763,146,13,35,0.371428571428571,0.273972602739726,0.0342465753424658,3,1,0,4,Video 4
497,26:59:00,27:44:00,1619,1664,45,14,35,0.4,0.888888888888889,0.111111111111111,0,1,0,1,Video 4
498,27:05:00,28:59:00,1625,1739,114,15,35,0.428571428571429,0.350877192982456,0.043859649122807,0,2,0,2,Video 4
499,27:13:00,29:16:00,1633,1756,123,17,35,0.485714285714286,0.32520325203252,0.040650406504065,0,2,0,2,Video 4
500,27:38:00,29:27:00,1658,1767,109,16,35,0.457142857142857,0.36697247706422,0.0458715596330275,1,1,0,2,Video 4
501,00:05,3:50,5,230,225,19,35,0.542857142857143,0.177777777777778,0.0222222222222222,1,0,2,3,Video 6
502,0:08,1:40,8,100,92,19,35,0.542857142857143,0.434782608695652,0.0543478260869565,2,0,2,4,Video 6
503,0:18,4:02,18,242,224,21,35,0.6,0.178571428571429,0.0223214285714286,3,0,2,5,Video 6
504,0:41,1:52,41,112,71,19,35,0.542857142857143,0.563380281690141,0.0704225352112676,1,0,2,3,Video 6
505,0:57,5:04,57,304,247,17,35,0.485714285714286,0.161943319838057,0.0202429149797571,2,0,2,4,Video 6
506,1:04,3:45,64,225,161,19,35,0.542857142857143,0.248447204968944,0.031055900621118,4,0,2,6,Video 6
507,1:40,6:18,100,378,278,16,35,0.457142857142857,0.143884892086331,0.0179856115107914,0,0,1,1,Video 6
508,1:44,4:25,104,265,161,17,35,0.485714285714286,0.248447204968944,0.031055900621118,0,0,1,1,Video 6
509,1:44,5:09,104,309,205,17,35,0.485714285714286,0.195121951219512,0.024390243902439,0,0,1,1,Video 6
510,1:46,4:01,106,241,135,17,35,0.485714285714286,0.296296296296296,0.037037037037037,0,0,1,1,Video 6
511,1:48,4:34,108,274,166,18,35,0.514285714285714,0.240963855421687,0.0301204819277108,0,0,1,1,Video 6
512,1:50,4:20,110,260,150,18,35,0.514285714285714,0.266666666666667,0.0333333333333333,0,0,1,1,Video 6
513,1:55,6:40,115,400,285,22,35,0.628571428571429,0.140350877192982,0.0175438596491228,0,0,1,1,Video 6
514,2:01,5:25,121,325,204,21,35,0.6,0.196078431372549,0.0245098039215686,0,0,1,1,Video 6
515,2:07,6:24,127,384,257,26,35,0.742857142857143,0.155642023346304,0.0194552529182879,0,0,2,2,Video 6
516,2:07,7:20,127,440,313,26,35,0.742857142857143,0.12779552715655,0.0159744408945687,0,0,2,2,Video 6
517,2:36,6:55,156,415,259,29,35,0.828571428571429,0.154440154440154,0.0193050193050193,0,0,2,2,Video 6
518,2:53,7:05,173,425,252,27,35,0.771428571428572,0.158730158730159,0.0198412698412698,0,0,2,2,Video 6
519,2:54,7:53,174,473,299,27,35,0.771428571428572,0.133779264214047,0.0167224080267559,0,0,2,2,Video 6
520,3:04,9:55,184,595,411,32,35,0.914285714285714,0.097323600973236,0.0121654501216545,0,0,2,2,Video 6
521,3:39,6:50,219,410,191,32,35,0.914285714285714,0.209424083769634,0.0261780104712042,0,0,2,2,Video 6
522,4:02,10:06,242,606,364,27,35,0.771428571428572,0.10989010989011,0.0137362637362637,0,0,2,2,Video 6
523,4:05,9:45,245,585,340,26,35,0.742857142857143,0.117647058823529,0.0147058823529412,0,0,2,2,Video 6
524,4:07,10:05,247,605,358,22,35,0.628571428571429,0.111731843575419,0.0139664804469274,0,0,2,2,Video 6
525,4:09,10:03,249,603,354,22,35,0.628571428571429,0.112994350282486,0.0141242937853107,0,0,2,2,Video 6
526,4:15,6:06,255,366,111,22,35,0.628571428571429,0.36036036036036,0.045045045045045,0,0,2,2,Video 6
527,4:17,10:15,257,615,358,22,35,0.628571428571429,0.111731843575419,0.0139664804469274,0,0,2,2,Video 6
528,4:23,10:16,263,616,353,27,35,0.771428571428572,0.113314447592068,0.0141643059490085,0,0,2,2,Video 6
529,4:43,10:32,283,632,349,23,35,0.657142857142857,0.114613180515759,0.0143266475644699,0,0,2,2,Video 6
530,5:20,10:56,320,656,336,28,35,0.8,0.119047619047619,0.0148809523809524,0,0,2,2,Video 6
531,5:35,10:47,335,647,312,26,35,0.742857142857143,0.128205128205128,0.016025641025641,0,0,2,2,Video 6
532,5:47,10:34,347,634,287,25,35,0.714285714285714,0.139372822299652,0.0174216027874564,0,0,2,2,Video 6
533,5:49,10:57,349,657,308,24,35,0.685714285714286,0.12987012987013,0.0162337662337662,0,0,2,2,Video 6
534,5:55,11:03,355,663,308,26,35,0.742857142857143,0.12987012987013,0.0162337662337662,0,0,2,2,Video 6
535,6:00,11:05,360,665,305,29,35,0.828571428571429,0.131147540983607,0.0163934426229508,0,0,2,2,Video 6
536,6:01,11:06,361,666,305,28,35,0.8,0.131147540983607,0.0163934426229508,0,0,2,2,Video 6
537,6:07,10:47,367,647,280,28,35,0.8,0.142857142857143,0.0178571428571429,0,0,2,2,Video 6
538,6:10,11:09,370,669,299,30,35,0.857142857142857,0.133779264214047,0.0167224080267559,0,0,1,1,Video 6
539,6:35,11:06,395,666,271,27,35,0.771428571428572,0.14760147601476,0.018450184501845,0,0,1,1,Video 6
540,6:41,11:09,401,669,268,26,35,0.742857142857143,0.149253731343284,0.0186567164179104,0,0,1,1,Video 6
541,6:53,11:21,413,681,268,30,35,0.857142857142857,0.149253731343284,0.0186567164179104,1,0,1,2,Video 6
542,7:35,12:08,455,728,273,32,35,0.914285714285714,0.146520146520147,0.0183150183150183,1,0,1,2,Video 6
543,7:38,11:43,458,703,245,32,35,0.914285714285714,0.163265306122449,0.0204081632653061,3,0,1,4,Video 6
544,7:57,11:25,477,685,208,29,35,0.828571428571429,0.192307692307692,0.0240384615384615,3,0,1,4,Video 6
545,8:54,11:21,534,681,147,33,35,0.942857142857143,0.272108843537415,0.0340136054421769,4,0,1,5,Video 6
546,9:21,11:52,561,712,151,32,35,0.914285714285714,0.264900662251656,0.033112582781457,0,0,1,1,Video 6
547,10:09,11:44,609,704,95,27,35,0.771428571428572,0.421052631578947,0.0526315789473684,0,0,1,1,Video 6
548,10:11,12:09,611,729,118,23,35,0.657142857142857,0.338983050847458,0.0423728813559322,0,0,1,1,Video 6
549,10:16,12:24,616,744,128,25,35,0.714285714285714,0.3125,0.0390625,0,0,1,1,Video 6
550,10:29,11:25,629,745,116,22,35,0.628571428571429,0.344827586206897,0.0431034482758621,0,0,1,1,Video 6
551,10:31,12:51,631,771,140,22,35,0.628571428571429,0.285714285714286,0.0357142857142857,0,0,1,1,Video 6
552,10:32,15:05,632,905,273,21,35,0.6,0.146520146520147,0.0183150183150183,0,0,1,1,Video 6
553,10:39,15:56,639,956,317,24,35,0.685714285714286,0.126182965299685,0.0157728706624606,3,0,1,4,Video 6
554,10:50,13:29,650,809,159,23,35,0.657142857142857,0.251572327044025,0.0314465408805031,0,0,1,1,Video 6
555,10:52,12:17,652,737,85,24,35,0.685714285714286,0.470588235294118,0.0588235294117647,0,0,1,1,Video 6
556,11:00,16:30,660,990,330,22,35,0.628571428571429,0.121212121212121,0.0151515151515152,0,0,1,1,Video 6
557,11:02,14:26,662,866,204,23,35,0.657142857142857,0.196078431372549,0.0245098039215686,0,0,1,1,Video 6
558,11:04,16:22,664,982,318,24,35,0.685714285714286,0.125786163522013,0.0157232704402516,0,0,1,1,Video 6
559,11:08,12:01,668,721,53,21,35,0.6,0.754716981132076,0.0943396226415094,1,0,0,1,Video 6
560,11:13,16:30,673,990,317,25,35,0.714285714285714,0.126182965299685,0.0157728706624606,1,0,1,2,Video 6
561,11:14,16:04,674,964,290,25,35,0.714285714285714,0.137931034482759,0.0172413793103448,1,0,1,2,Video 6
562,11:18,16:36,678,996,318,29,35,0.828571428571429,0.125786163522013,0.0157232704402516,0,0,1,1,Video 6
563,11:22,16:40,682,1000,318,30,35,0.857142857142857,0.125786163522013,0.0157232704402516,0,0,1,1,Video 6
564,11:22,11:53,682,713,31,30,35,0.857142857142857,1.29032258064516,0.161290322580645,0,0,1,1,Video 6
565,11:29,16:31,689,991,302,28,35,0.8,0.132450331125828,0.0165562913907285,0,0,1,1,Video 6
566,11:32,16:41,692,1001,309,31,35,0.885714285714286,0.129449838187702,0.0161812297734628,0,0,1,1,Video 6
567,11:36,17:38,696,1058,362,33,35,0.942857142857143,0.110497237569061,0.0138121546961326,0,0,2,2,Video 6
568,11:38,16:34,698,994,296,34,35,0.971428571428571,0.135135135135135,0.0168918918918919,0,0,2,2,Video 6
569,11:45,16:38,705,998,293,24,35,0.685714285714286,0.136518771331058,0.0170648464163823,0,0,2,2,Video 6
570,11:49,16:42,709,1002,293,23,35,0.657142857142857,0.136518771331058,0.0170648464163823,0,0,3,3,Video 6
571,11:51,17:43,711,1063,352,23,35,0.657142857142857,0.113636363636364,0.0142045454545455,0,0,3,3,Video 6
572,11:54,16:58,714,1018,304,26,35,0.742857142857143,0.131578947368421,0.0164473684210526,0,0,3,3,Video 6
573,11:56,13:24,716,804,88,26,35,0.742857142857143,0.454545454545455,0.0568181818181818,0,0,3,3,Video 6
574,11:58,17:45,718,1065,347,27,35,0.771428571428572,0.115273775216138,0.0144092219020173,0,0,3,3,Video 6
575,12:18,13:14,738,794,56,24,35,0.685714285714286,0.714285714285714,0.0892857142857143,0,0,3,3,Video 6
576,12:32,17:06,752,1056,304,25,35,0.714285714285714,0.131578947368421,0.0164473684210526,0,0,3,3,Video 6
577,12:37,17:52,757,1072,315,25,35,0.714285714285714,0.126984126984127,0.0158730158730159,0,0,3,3,Video 6
578,12:43,17:42,763,1062,299,26,35,0.742857142857143,0.133779264214047,0.0167224080267559,0,0,3,3,Video 6
579,12:47,17:18,467,1038,571,26,35,0.742857142857143,0.0700525394045534,0.00875656742556918,0,0,3,3,Video 6
580,13:00,16:36,780,996,216,27,35,0.771428571428572,0.185185185185185,0.0231481481481481,0,0,3,3,Video 6
581,13:06,17:24,786,1044,258,30,35,0.857142857142857,0.155038759689922,0.0193798449612403,1,0,3,4,Video 6
582,13:17,17:58,797,1078,281,28,35,0.8,0.142348754448399,0.0177935943060498,0,0,3,3,Video 6
583,13:25,17:30,805,1050,245,30,35,0.857142857142857,0.163265306122449,0.0204081632653061,0,0,3,3,Video 6
584,13:31,17:48,811,1068,257,28,35,0.8,0.155642023346304,0.0194552529182879,0,0,3,3,Video 6
585,13:40,17:45,820,1065,245,28,35,0.8,0.163265306122449,0.0204081632653061,3,0,3,6,Video 6
586,15:40,17:50,940,1070,130,28,35,0.8,0.307692307692308,0.0384615384615385,6,0,3,9,Video 6
587,15:52,18:07,952,1087,135,29,35,0.828571428571429,0.296296296296296,0.037037037037037,0,0,3,3,Video 6
588,16:24,17:54,984,1074,90,25,35,0.714285714285714,0.444444444444444,0.0555555555555556,0,0,3,3,Video 6
589,16:37,17:51,997,1071,74,20,35,0.571428571428571,0.540540540540541,0.0675675675675676,3,0,2,5,Video 6
590,16:42,17:53,1002,1073,71,19,35,0.542857142857143,0.563380281690141,0.0704225352112676,3,0,1,4,Video 6
591,16:54,18:11,1014,1091,77,25,35,0.714285714285714,0.519480519480519,0.0649350649350649,3,0,0,3,Video 6
592,17:02,18:14,1022,1094,72,27,35,0.771428571428572,0.555555555555556,0.0694444444444445,3,0,0,3,Video 6
593,17:17,18:09,1037,1089,52,30,35,0.857142857142857,0.769230769230769,0.0961538461538462,3,0,0,3,Video 6
594,17:22,18:20,1042,1100,58,28,35,0.8,0.689655172413793,0.0862068965517241,6,0,0,6,Video 6
595,18:03,18:34,1083,1114,31,17,35,0.485714285714286,1.29032258064516,0.161290322580645,0,0,1,1,Video 6
596,18:03,18:34,1083,1114,31,17,35,0.485714285714286,1.29032258064516,0.161290322580645,0,0,1,1,Video 6
597,18:06,18:37,1086,1117,31,17,35,0.485714285714286,1.29032258064516,0.161290322580645,0,0,1,1,Video 6
598,18:07,18:36,1087,1116,29,20,35,0.571428571428571,1.37931034482759,0.172413793103448,0,0,1,1,Video 6
599,18:08,18:39,1088,1119,31,20,35,0.571428571428571,1.29032258064516,0.161290322580645,0,0,1,1,Video 6
600,18:12,18:40,1092,1120,28,23,35,0.657142857142857,1.42857142857143,0.178571428571429,0,0,1,1,Video 6
601,18:14,18:41,1094,1121,27,23,35,0.657142857142857,1.48148148148148,0.185185185185185,0,0,1,1,Video 6
602,18:19,18:45,1099,1125,26,20,35,0.571428571428571,1.53846153846154,0.192307692307692,0,0,1,1,Video 6
603,18:21,18:42,1101,1122,21,20,35,0.571428571428571,1.9047619047619,0.238095238095238,0,0,1,1,Video 6
604,18:24,19:00,1104,1140,36,18,35,0.514285714285714,1.11111111111111,0.138888888888889,0,0,1,1,Video 6
605,18:25,18:46,1105,1126,21,18,35,0.514285714285714,1.9047619047619,0.238095238095238,0,0,1,1,Video 6
606,18:28,19:08,1108,1148,40,17,35,0.485714285714286,1,0.125,0,0,1,1,Video 6
607,18:29,18:55,1109,1135,26,18,35,0.514285714285714,1.53846153846154,0.192307692307692,0,0,1,1,Video 6
608,18:30,19:21,1110,1161,51,18,35,0.514285714285714,0.784313725490196,0.0980392156862745,0,0,1,1,Video 6
609,18:33,19:23,1113,1163,50,17,35,0.485714285714286,0.8,0.1,0,0,1,1,Video 6
610,18:33,19:17,1113,1157,44,17,35,0.485714285714286,0.909090909090909,0.113636363636364,0,0,1,1,Video 6
611,18:48,19:33,1128,1173,45,15,35,0.428571428571429,0.888888888888889,0.111111111111111,0,0,1,1,Video 6
612,18:50,19:44,1130,1184,54,17,35,0.485714285714286,0.740740740740741,0.0925925925925926,0,0,1,1,Video 6
613,18:50,19:36,1130,1176,46,17,35,0.485714285714286,0.869565217391304,0.108695652173913,0,0,1,1,Video 6
614,18:51,19:37,1131,1177,46,17,35,0.485714285714286,0.869565217391304,0.108695652173913,0,0,1,1,Video 6
615,18:55,19:41,1135,1181,46,19,35,0.542857142857143,0.869565217391304,0.108695652173913,1,0,1,2,Video 6
616,18:56,19:40,1136,1180,44,19,35,0.542857142857143,0.909090909090909,0.113636363636364,1,0,1,2,Video 6
617,18:57,19:40,1137,1180,43,21,35,0.6,0.930232558139535,0.116279069767442,2,0,1,3,Video 6
618,19:00,19:43,1140,1183,43,19,35,0.542857142857143,0.930232558139535,0.116279069767442,2,0,2,4,Video 6
619,19:04,19:46,1144,1186,42,17,35,0.485714285714286,0.952380952380952,0.119047619047619,2,0,2,4,Video 6
620,19:12,19:49,1152,1189,37,16,35,0.457142857142857,1.08108108108108,0.135135135135135,2,0,2,4,Video 6
621,19:22,19:44,1162,1184,22,15,35,0.428571428571429,1.81818181818182,0.227272727272727,1,0,2,3,Video 6
622,19:22,19:42,1162,1182,20,15,35,0.428571428571429,2,0.25,1,0,2,3,Video 6
623,19:33,22:32,1173,1352,179,13,35,0.371428571428571,0.223463687150838,0.0279329608938547,0,0,2,2,Video 6
624,19:34,19:48,1174,1188,14,13,35,0.371428571428571,2.85714285714286,0.357142857142857,0,0,2,2,Video 6
625,19:35,19:55,1175,1195,20,13,35,0.371428571428571,2,0.25,0,0,2,2,Video 6
626,19:36,20:05,1176,1205,29,13,35,0.371428571428571,1.37931034482759,0.172413793103448,0,0,2,2,Video 6
627,19:38,19:51,1178,1191,13,14,35,0.4,3.07692307692308,0.384615384615385,0,0,2,2,Video 6
628,19:39,19:57,1179,1197,18,13,35,0.371428571428571,2.22222222222222,0.277777777777778,0,0,2,2,Video 6
629,19:42,19:59,1182,1199,17,13,35,0.371428571428571,2.35294117647059,0.294117647058824,0,0,2,2,Video 6
630,19:44,20:00,1184,1200,16,12,35,0.342857142857143,2.5,0.3125,0,0,1,1,Video 6
631,20:22,20:34,1222,1234,12,12,35,0.342857142857143,3.33333333333333,0.416666666666667,0,0,1,1,Video 6
632,20:22,20:33,1222,1233,11,12,35,0.342857142857143,3.63636363636364,0.454545454545455,0,0,1,1,Video 6
633,20:24,20:39,1224,1239,15,11,35,0.314285714285714,2.66666666666667,0.333333333333333,0,0,1,1,Video 6
634,20:26,20:45,1226,1245,19,10,35,0.285714285714286,2.10526315789474,0.263157894736842,0,0,1,1,Video 6
635,20:28,20:44,1228,1244,16,11,35,0.314285714285714,2.5,0.3125,0,0,1,1,Video 6
636,20:29,20:50,1229,1250,21,10,35,0.285714285714286,1.9047619047619,0.238095238095238,0,0,1,1,Video 6
637,20:31,20:56,1231,1256,25,10,35,0.285714285714286,1.6,0.2,0,0,1,1,Video 6
638,20:32,20:49,1232,1249,17,10,35,0.285714285714286,2.35294117647059,0.294117647058824,0,0,1,1,Video 6
639,20:34,20:59,1234,1259,25,11,35,0.314285714285714,1.6,0.2,0,0,1,1,Video 6
640,20:49,21:12,1249,1272,23,11,35,0.314285714285714,1.73913043478261,0.217391304347826,2,0,1,3,Video 6
641,20:58,21:09,1258,1269,11,8,35,0.228571428571429,3.63636363636364,0.454545454545455,2,0,1,3,Video 6
642,21:03,21:18,1263,1278,15,10,35,0.285714285714286,2.66666666666667,0.333333333333333,0,0,1,1,Video 6
643,21:07,21:24,1267,1284,17,8,35,0.228571428571429,2.35294117647059,0.294117647058824,0,0,1,1,Video 6
644,21:10,21:26,1270,1286,16,8,35,0.228571428571429,2.5,0.3125,0,0,1,1,Video 6
645,21:11,21:29,1271,1289,18,8,35,0.228571428571429,2.22222222222222,0.277777777777778,0,0,1,1,Video 6
646,21:20,21:47,1280,1307,27,9,35,0.257142857142857,1.48148148148148,0.185185185185185,0,0,1,1,Video 6
647,21:23,21:58,1283,1318,35,10,35,0.285714285714286,1.14285714285714,0.142857142857143,0,0,1,1,Video 6
648,21:24,22:07,1284,1307,23,10,35,0.285714285714286,1.73913043478261,0.217391304347826,0,0,1,1,Video 6
649,21:29,22:10,1289,1330,41,8,35,0.228571428571429,0.975609756097561,0.121951219512195,0,0,1,1,Video 6
650,21:30,22:20,1290,1340,50,8,35,0.228571428571429,0.8,0.1,1,0,1,2,Video 6
651,21:32,22:24,1292,1344,52,9,35,0.257142857142857,0.769230769230769,0.0961538461538462,1,0,1,2,Video 6
652,21:34,22:14,1294,1334,40,10,35,0.285714285714286,1,0.125,1,0,1,2,Video 6
653,21:35,22:26,1295,1346,51,10,35,0.285714285714286,0.784313725490196,0.0980392156862745,1,0,1,2,Video 6
654,21:39,22:33,1299,1353,54,12,35,0.342857142857143,0.740740740740741,0.0925925925925926,0,0,1,1,Video 6
655,21:39,22:33,1299,1353,54,12,35,0.342857142857143,0.740740740740741,0.0925925925925926,0,0,1,1,Video 6
656,21:44,22:50,1304,1370,66,11,35,0.314285714285714,0.606060606060606,0.0757575757575758,0,0,1,1,Video 6
657,21:50,22:52,1310,1372,62,11,35,0.314285714285714,0.645161290322581,0.0806451612903226,0,0,1,1,Video 6
658,21:58,22:27,1318,1347,29,12,35,0.342857142857143,1.37931034482759,0.172413793103448,0,0,1,1,Video 6
659,21:59,22:41,1319,1361,42,12,35,0.342857142857143,0.952380952380952,0.119047619047619,1,0,0,1,Video 6
660,22:05,23:01,1325,1380,55,16,35,0.457142857142857,0.727272727272727,0.0909090909090909,2,0,0,2,Video 6
661,22:05,22:50,1325,1370,45,16,35,0.457142857142857,0.888888888888889,0.111111111111111,2,0,0,2,Video 6
662,22:09,22:50,1329,1370,41,13,35,0.371428571428571,0.975609756097561,0.121951219512195,2,0,0,2,Video 6
663,22:14,22:43,1334,1363,29,14,35,0.4,1.37931034482759,0.172413793103448,1,0,0,1,Video 6
664,22:20,22:58,1340,1378,38,17,35,0.485714285714286,1.05263157894737,0.131578947368421,1,0,0,1,Video 6
665,22:28,22:53,1348,1373,25,13,35,0.371428571428571,1.6,0.2,1,0,0,1,Video 6
666,22:38,23:01,1358,1381,23,14,35,0.4,1.73913043478261,0.217391304347826,2,0,0,2,Video 6
667,23:05,23:25,1385,1405,20,13,35,0.371428571428571,2,0.25,0,0,1,1,Video 6
668,23:10,23:30,1390,1410,20,11,35,0.314285714285714,2,0.25,0,0,1,1,Video 6
669,23:13,23:33,1393,1413,20,11,35,0.314285714285714,2,0.25,0,0,1,1,Video 6
670,23:14,23:33,1394,1413,19,10,35,0.285714285714286,2.10526315789474,0.263157894736842,0,0,1,1,Video 6
671,23:18,23:42,1398,1422,24,9,35,0.257142857142857,1.66666666666667,0.208333333333333,0,0,1,1,Video 6
672,23:18,23:39,1398,1419,21,9,35,0.257142857142857,1.9047619047619,0.238095238095238,0,0,1,1,Video 6
673,23:21,23:55,1401,1435,34,9,35,0.257142857142857,1.17647058823529,0.147058823529412,0,0,1,1,Video 6
674,23:22,23:44,1402,1424,22,10,35,0.285714285714286,1.81818181818182,0.227272727272727,0,0,1,1,Video 6
675,23:24,24:00:00,1404,1440,36,10,35,0.285714285714286,1.11111111111111,0.138888888888889,0,0,1,1,Video 6
676,23:24,23:51,1404,1431,27,10,35,0.285714285714286,1.48148148148148,0.185185185185185,0,0,1,1,Video 6
677,23:28,23:55,1408,1435,27,12,35,0.342857142857143,1.48148148148148,0.185185185185185,2,0,0,2,Video 6
678,23:29,24:41:00,1409,1481,72,12,35,0.342857142857143,0.555555555555556,0.0694444444444445,2,0,0,2,Video 6
679,23:31,24:03:00,1411,1443,32,11,35,0.314285714285714,1.25,0.15625,2,0,0,2,Video 6
680,23:32,24:52:00,1412,1492,80,11,35,0.314285714285714,0.5,0.0625,2,0,0,2,Video 6
681,23:48,25:16:00,1428,1516,88,16,35,0.457142857142857,0.454545454545455,0.0568181818181818,0,0,1,1,Video 6
682,23:48,25:20:00,1428,1520,92,16,35,0.457142857142857,0.434782608695652,0.0543478260869565,0,0,1,1,Video 6
683,23:53,25:25:00,1433,1525,92,14,35,0.4,0.434782608695652,0.0543478260869565,1,0,1,2,Video 6
684,23:56,25:19:00,1436,1519,83,13,35,0.371428571428571,0.481927710843374,0.0602409638554217,1,0,1,2,Video 6
685,24:01:00,25:27:00,1441,1527,86,15,35,0.428571428571429,0.465116279069767,0.0581395348837209,0,0,1,1,Video 6
686,24:02:00,25:40:00,1442,1540,98,15,35,0.428571428571429,0.408163265306122,0.0510204081632653,1,0,1,2,Video 6
687,24:13:00,25:45:00,1453,1545,92,13,35,0.371428571428571,0.434782608695652,0.0543478260869565,1,0,1,2,Video 6
688,24:20:00,25:39:00,1460,1538,78,15,35,0.428571428571429,0.512820512820513,0.0641025641025641,0,0,2,2,Video 6
689,24:27:00,25:45:00,1467,1545,78,16,35,0.457142857142857,0.512820512820513,0.0641025641025641,0,0,2,2,Video 6
690,24:33:00,25:43:00,1473,1543,70,16,35,0.457142857142857,0.571428571428571,0.0714285714285714,0,0,2,2,Video 6
691,24:33:00,25:48:00,1473,1548,75,16,35,0.457142857142857,0.533333333333333,0.0666666666666667,0,0,2,2,Video 6
692,25:10:00,25:51:00,1510,1551,41,14,35,0.4,0.975609756097561,0.121951219512195,0,0,2,2,Video 6
693,25:18:00,25:38:00,1518,1538,20,10,35,0.285714285714286,2,0.25,0,0,1,1,Video 6
694,25:23:00,25:55:00,1523,1555,32,12,35,0.342857142857143,1.25,0.15625,0,0,1,1,Video 6
695,25:23:00,25:46:00,1523,1546,23,12,35,0.342857142857143,1.73913043478261,0.217391304347826,0,0,1,1,Video 6
696,25:29:00,25:58:00,1529,1558,29,14,35,0.4,1.37931034482759,0.172413793103448,0,0,1,1,Video 6
697,25:29:00,25:52:00,1529,1552,23,14,35,0.4,1.73913043478261,0.217391304347826,0,0,1,1,Video 6
698,25:32:00,25:56:00,1532,1556,24,16,35,0.457142857142857,1.66666666666667,0.208333333333333,0,0,2,2,Video 6
699,25:35:00,26:02:00,1535,1562,27,15,35,0.428571428571429,1.48148148148148,0.185185185185185,0,0,2,2,Video 6
700,25:39:00,26:00:00,1539,1560,21,16,35,0.457142857142857,1.9047619047619,0.238095238095238,0,0,2,2,Video 6
701,25:39:00,26:05:00,1539,1565,26,16,35,0.457142857142857,1.53846153846154,0.192307692307692,0,0,1,1,Video 6
702,25:43:00,26:03:00,1543,1563,20,16,35,0.457142857142857,2,0.25,0,0,1,1,Video 6
703,25:47:00,26:08:00,1547,1568,21,16,35,0.457142857142857,1.9047619047619,0.238095238095238,0,0,1,1,Video 6
704,25:48:00,26:06:00,1548,1566,18,16,35,0.457142857142857,2.22222222222222,0.277777777777778,0,0,1,1,Video 6
705,25:51:00,26:12:00,1551,1572,21,15,35,0.428571428571429,1.9047619047619,0.238095238095238,0,0,2,2,Video 6
706,25:53:00,26:10:00,1553,1570,17,14,35,0.4,2.35294117647059,0.294117647058824,0,0,2,2,Video 6
707,25:57:00,26:12:00,1557,1572,15,12,35,0.342857142857143,2.66666666666667,0.333333333333333,0,0,1,1,Video 6
708,25:57:00,26:16:00,1557,1576,19,12,35,0.342857142857143,2.10526315789474,0.263157894736842,0,0,1,1,Video 6
709,26:01:00,26:17:00,1561,1577,16,13,35,0.371428571428571,2.5,0.3125,0,0,1,1,Video 6
710,26:01:00,26:19:00,1561,1579,18,13,35,0.371428571428571,2.22222222222222,0.277777777777778,0,0,1,1,Video 6
711,26:04:00,26:20:00,1564,1580,16,12,35,0.342857142857143,2.5,0.3125,0,0,1,1,Video 6
712,26:05:00,26:23:00,1565,1583,18,13,35,0.371428571428571,2.22222222222222,0.277777777777778,0,0,1,1,Video 6
713,26:08:00,26:48:00,1568,1608,40,12,35,0.342857142857143,1,0.125,0,0,1,1,Video 6
714,26:11:00,26:48:00,1571,1608,37,10,35,0.285714285714286,1.08108108108108,0.135135135135135,1,0,1,2,Video 6
715,26:12:00,26:53:00,1572,1613,41,10,35,0.285714285714286,0.975609756097561,0.121951219512195,1,0,1,2,Video 6
716,26:14:00,26:54:00,1574,1614,40,11,35,0.314285714285714,1,0.125,1,0,1,2,Video 6
717,26:14:00,26:58:00,1574,1618,44,11,35,0.314285714285714,0.909090909090909,0.113636363636364,1,0,1,2,Video 6
718,26:18:00,26:39:00,1578,1599,21,10,35,0.285714285714286,1.9047619047619,0.238095238095238,1,0,1,2,Video 6
719,26:19:00,27:42:00,1579,1662,83,11,35,0.314285714285714,0.481927710843374,0.0602409638554217,2,0,1,3,Video 6
720,26:22:00,26:58:00,1582,1618,36,10,35,0.285714285714286,1.11111111111111,0.138888888888889,1,0,1,2,Video 6
721,26:22:00,27:01:00,1582,1621,39,10,35,0.285714285714286,1.02564102564103,0.128205128205128,1,0,1,2,Video 6
722,26:25:00,27:49:00,1585,1669,84,10,35,0.285714285714286,0.476190476190476,0.0595238095238095,1,0,2,3,Video 6
723,26:27:00,27:10:00,1587,1630,43,11,35,0.314285714285714,0.930232558139535,0.116279069767442,1,0,2,3,Video 6
724,26:30:00,27:16:00,1590,1636,46,12,35,0.342857142857143,0.869565217391304,0.108695652173913,1,0,2,3,Video 6
725,26:30:00,27:17:00,1590,1637,47,12,35,0.342857142857143,0.851063829787234,0.106382978723404,1,0,2,3,Video 6
726,26:34:00,27:27:00,1594,1647,53,11,35,0.314285714285714,0.754716981132076,0.0943396226415094,0,0,2,2,Video 6
727,26:38:00,27:42:00,1598,1662,64,12,35,0.342857142857143,0.625,0.078125,0,0,2,2,Video 6
728,26:38:00,27:53:00,1598,1673,75,12,35,0.342857142857143,0.533333333333333,0.0666666666666667,0,0,2,2,Video 6
729,26:43:00,27:57:00,1603,1677,74,14,35,0.4,0.540540540540541,0.0675675675675676,3,0,2,5,Video 6
730,26:43:00,28:15:00,1603,1695,92,14,35,0.4,0.434782608695652,0.0543478260869565,3,0,2,5,Video 6
731,27:01:00,28:34:00,1621,1714,93,12,35,0.342857142857143,0.43010752688172,0.0537634408602151,3,0,1,4,Video 6
732,27:10:00,28:09:00,1630,1689,59,13,35,0.371428571428571,0.677966101694915,0.0847457627118644,3,0,1,4,Video 6
733,27:14:00,28:40:00,1634,1720,86,13,35,0.371428571428571,0.465116279069767,0.0581395348837209,3,0,1,4,Video 6
734,27:16:00,28:31:00,1636,1711,75,13,35,0.371428571428571,0.533333333333333,0.0666666666666667,3,0,1,4,Video 6
735,27:18:00,28:37:00,1638,1717,79,15,35,0.428571428571429,0.506329113924051,0.0632911392405063,3,0,1,4,Video 6
736,27:24:00,28:21:00,1644,1701,57,17,35,0.485714285714286,0.701754385964912,0.087719298245614,3,0,1,4,Video 6
737,27:27:00,28:48:00,1647,1728,81,18,35,0.514285714285714,0.493827160493827,0.0617283950617284,3,0,1,4,Video 6
738,27:32:00,28:40:00,1652,1720,68,21,35,0.6,0.588235294117647,0.0735294117647059,3,0,1,4,Video 6
739,28:01:00,28:57:00,1681,1737,56,18,35,0.514285714285714,0.714285714285714,0.0892857142857143,3,0,0,3,Video 6
740,28:02:00,28:47:00,1682,1727,45,19,35,0.542857142857143,0.888888888888889,0.111111111111111,4,0,0,4,Video 6
741,28:13:00,29:03:00,1693,1743,50,18,35,0.514285714285714,0.8,0.1,4,0,0,4,Video 6
742,28:15:00,29:05:00,1695,1745,50,18,35,0.514285714285714,0.8,0.1,3,0,0,3,Video 6
743,28:18:00,29:01:00,1698,1741,43,19,35,0.542857142857143,0.930232558139535,0.116279069767442,3,0,0,3,Video 6
744,28:21:00,29:08:00,1701,1748,47,20,35,0.571428571428571,0.851063829787234,0.106382978723404,3,0,0,3,Video 6
745,28:40:00,29:28:00,1720,1768,48,20,35,0.571428571428571,0.833333333333333,0.104166666666667,4,0,0,4,Video 6
746,28:58:00,29:52:00,1738,1792,54,15,35,0.428571428571429,0.740740740740741,0.0925925925925926,4,0,0,4,Video 6
747,29:00:00,29:32:00,1740,1772,32,16,35,0.457142857142857,1.25,0.15625,4,0,0,4,Video 6
748,29:02:00,29:56:00,1742,1796,54,16,35,0.457142857142857,0.740740740740741,0.0925925925925926,4,0,0,4,Video 6
749,29:06:00,29:59:00,1746,1799,53,14,35,0.4,0.754716981132076,0.0943396226415094,4,0,0,4,Video 6
750,29:08:00,29:54:00,1748,1794,46,14,35,0.4,0.869565217391304,0.108695652173913,4,0,0,4,Video 6
